date,symbol,open,high,low,close,volume
2026-02-10,BIL,91.46,91.46,91.45,91.45,6548995.0
2026-02-11,BIL,91.46,91.47,91.46,91.47,5023512.0
2026-02-12,BIL,91.48,91.48,91.47,91.47,5624308.0
2026-02-13,BIL,91.5,91.51,91.5,91.51,8878329.0
2026-02-17,BIL,91.52,91.52,91.51,91.52,5872338.0
2026-02-18,BIL,91.52,91.53,91.52,91.53,7603202.0
2026-02-19,BIL,91.53,91.54,91.53,91.53,4396625.0
2026-02-20,BIL,91.57,91.57,91.56,91.56,5736363.0
2026-02-23,BIL,91.57,91.57,91.56,91.56,6975261.0
2026-02-24,BIL,91.58,91.58,91.57,91.58,4988800.0
2026-02-25,BIL,91.59,91.59,91.58,91.59,5462617.0
2026-02-26,BIL,91.59,91.6,91.59,91.6,5876896.0
2026-02-27,BIL,91.62,91.63,91.62,91.62,10606696.0
2026-03-02,BIL,91.39,91.39,91.38,91.39,14181038.0
2026-03-03,BIL,91.4,91.4,91.39,91.4,10560023.0
2026-03-04,BIL,91.41,91.41,91.4,91.41,9109343.0
2026-03-05,BIL,91.42,91.42,91.41,91.42,8450444.0
2026-03-06,BIL,91.45,91.45,91.44,91.44,7787297.0
2026-03-09,BIL,91.46,91.46,91.45,91.45,12393725.0
2026-03-10,BIL,91.46,91.46,91.45,91.46,8454394.0
2026-03-11,BIL,91.46,91.47,91.46,91.46,5902443.0
2026-03-12,BIL,91.47,91.48,91.47,91.48,9539566.0
2026-03-13,BIL,91.51,91.51,91.5,91.51,9806568.0
2026-03-16,BIL,91.52,91.52,91.51,91.51,7820169.0
2026-03-17,BIL,91.53,91.53,91.52,91.52,6698683.0
2026-03-18,BIL,91.53,91.54,91.53,91.54,15288089.0
2026-03-19,BIL,91.54,91.54,91.53,91.54,13790260.0
2026-03-20,BIL,91.56,91.57,91.56,91.57,13944362.0
2026-03-23,BIL,91.58,91.58,91.57,91.58,18306084.0
2026-03-24,BIL,91.58,91.59,91.58,91.59,16490024.0
2026-03-25,BIL,91.59,91.6,91.58,91.58,15097193.0
2026-03-26,BIL,91.6,91.6,91.59,91.6,11735731.0
2026-03-27,BIL,91.62,91.63,91.62,91.63,9645704.0
2026-03-30,BIL,91.63,91.64,91.63,91.64,10743142.0
2026-03-31,BIL,91.64,91.65,91.64,91.64,19223660.0
2026-04-01,BIL,91.4,91.4,91.39,91.4,16565264.0
2026-04-02,BIL,91.43,91.43,91.42,91.42,9425811.0
2026-04-06,BIL,91.43,91.44,91.43,91.44,15815932.0
2026-04-07,BIL,91.45,91.45,91.44,91.45,7704502.0
2026-04-08,BIL,91.45,91.46,91.45,91.45,12735302.0
2026-04-09,BIL,91.46,91.47,91.46,91.46,14705614.0
2026-04-10,BIL,91.49,91.5,91.49,91.49,9104233.0
2026-04-13,BIL,91.5,91.51,91.49,91.49,8919112.0
2026-04-14,BIL,91.5,91.51,91.5,91.5,20610728.0
2026-04-15,BIL,91.51,91.52,91.51,91.51,4241955.0
2026-02-10,ETHA,15.31,15.46,15.03,15.2,25761703.0
2026-02-11,ETHA,15.02,15.08,14.35,14.75,31239501.0
2026-02-12,ETHA,14.99,15.07,14.32,14.46,28327203.0
2026-02-13,ETHA,14.92,15.66,14.84,15.44,36492993.0
2026-02-17,ETHA,15.02,15.23,14.65,15.05,30490894.0
2026-02-18,ETHA,14.84,15.19,14.52,14.63,30250924.0
2026-02-19,ETHA,14.54,14.74,14.38,14.72,22664412.0
2026-02-20,ETHA,14.65,14.98,14.61,14.89,25630692.0
2026-02-23,ETHA,14.47,14.5,13.87,14.05,27132701.0
2026-02-24,ETHA,13.69,14.1,13.62,14.03,22632022.0
2026-02-25,ETHA,14.89,15.75,14.83,15.68,38566481.0
2026-02-26,ETHA,15.63,15.7,14.91,15.29,27026015.0
2026-02-27,ETHA,14.74,14.8,14.4,14.52,25518788.0
2026-03-02,ETHA,14.55,15.79,14.53,15.37,55324398.0
2026-03-03,ETHA,14.81,15.2,14.55,14.93,37856068.0
2026-03-04,ETHA,15.7,16.63,15.6,16.25,59616426.0
2026-03-05,ETHA,16.0,16.11,15.5,15.8,39834633.0
2026-03-06,ETHA,15.17,15.21,14.75,14.93,28694627.0
2026-03-09,ETHA,15.24,15.51,15.14,15.37,34046885.0
2026-03-10,ETHA,15.52,15.79,15.16,15.4,26904513.0
2026-03-11,ETHA,15.47,15.77,15.34,15.69,22976718.0
2026-03-12,ETHA,15.54,15.84,15.39,15.63,21812164.0
2026-03-13,ETHA,16.49,16.73,15.79,15.89,41888518.0
2026-03-16,ETHA,17.23,17.75,17.03,17.61,49478929.0
2026-03-17,ETHA,17.53,17.82,17.41,17.54,31297146.0
2026-03-18,ETHA,16.91,16.95,16.35,16.5,37023891.0
2026-03-19,ETHA,16.06,16.29,15.84,16.16,37370685.0
2026-03-20,ETHA,16.21,16.22,15.98,16.1,30090662.0
2026-03-23,ETHA,16.23,16.56,15.98,16.28,41822493.0
2026-03-24,ETHA,16.24,16.32,15.87,15.97,34424060.0
2026-03-25,ETHA,16.48,16.61,16.21,16.41,41198532.0
2026-03-26,ETHA,15.67,15.8,15.34,15.46,33218772.0
2026-03-27,ETHA,15.06,15.17,14.86,15.01,48630094.0
2026-03-30,ETHA,15.64,15.7,15.18,15.27,41579116.0
2026-03-31,ETHA,15.53,16.02,15.37,15.83,36437024.0
2026-04-01,ETHA,16.11,16.37,15.91,16.16,36705431.0
2026-04-02,ETHA,15.33,15.67,15.21,15.63,37242600.0
2026-04-06,ETHA,16.19,16.4,16.03,16.2,25514113.0
2026-04-07,ETHA,15.74,15.98,15.55,15.95,25965492.0
2026-04-08,ETHA,17.06,17.12,16.5,16.72,28590940.0
2026-04-09,ETHA,16.45,16.84,16.28,16.77,25603192.0
2026-04-10,ETHA,16.78,17.06,16.68,17.05,26854680.0
2026-04-13,ETHA,16.59,17.14,16.46,17.08,29628941.0
2026-04-14,ETHA,17.94,18.26,17.4,17.49,36774354.0
2026-04-15,ETHA,17.63,17.75,17.49,17.62,10200121.0
2026-02-10,GLD,465.96,466.75,459.52,462.4,5922604.0
2026-02-11,GLD,466.0,468.61,462.82,467.63,7264865.0
2026-02-12,GLD,464.9,466.38,448.06,451.39,16398932.0
2026-02-13,GLD,459.73,463.84,456.25,462.62,8362876.0
2026-02-17,GLD,450.26,451.37,445.53,448.2,7727868.0
2026-02-18,GLD,455.81,460.51,455.32,458.28,7624567.0
2026-02-19,GLD,457.34,461.51,456.03,459.56,5896363.0
2026-02-20,GLD,463.25,468.62,458.34,468.62,11178150.0
2026-02-23,GLD,474.65,481.46,474.61,481.28,13140823.0
2026-02-24,GLD,470.09,475.44,469.55,474.61,9425332.0
2026-02-25,GLD,475.74,479.53,472.9,473.42,8004929.0
2026-02-26,GLD,474.95,477.83,471.23,477.48,6897736.0
2026-02-27,GLD,480.75,483.9,479.11,483.75,10613669.0
2026-03-02,GLD,490.1,492.15,483.28,490.0,12057466.0
2026-03-03,GLD,472.79,473.2,458.93,468.14,15761170.0
2026-03-04,GLD,474.82,476.42,469.39,471.8,7178422.0
2026-03-05,GLD,470.45,470.67,463.91,466.13,8661496.0
2026-03-06,GLD,469.04,475.46,467.07,473.51,7540556.0
2026-03-09,GLD,468.09,472.68,464.79,472.53,6475671.0
2026-03-10,GLD,479.74,481.31,474.21,477.86,7152036.0
2026-03-11,GLD,476.13,477.45,473.13,476.24,5700761.0
2026-03-12,GLD,475.02,475.02,466.6,466.88,8456829.0
2026-03-13,GLD,469.31,470.11,460.22,460.84,8540977.0
2026-03-16,GLD,461.27,462.8,456.9,460.43,5892540.0
2026-03-17,GLD,460.51,462.21,456.87,459.27,5279596.0
2026-03-18,GLD,446.66,450.06,444.39,444.74,10620973.0
2026-03-19,GLD,420.36,428.27,416.8,426.41,19248920.0
2026-03-20,GLD,428.14,428.59,411.23,413.38,18111965.0
2026-03-23,GLD,405.12,414.54,399.64,404.04,23968543.0
2026-03-24,GLD,400.24,407.29,399.59,404.13,12314520.0
2026-03-25,GLD,419.71,420.66,412.25,416.29,9681156.0
2026-03-26,GLD,408.5,411.37,400.26,400.64,10759880.0
2026-03-27,GLD,406.2,418.4,405.41,414.7,11562766.0
2026-03-30,GLD,419.54,420.1,412.66,414.58,9033613.0
2026-03-31,GLD,420.08,430.57,419.59,430.29,10762752.0
2026-04-01,GLD,435.0,440.19,433.76,437.82,10140375.0
2026-04-02,GLD,422.29,431.67,421.17,429.41,8076208.0
2026-04-06,GLD,428.87,431.49,426.71,427.65,4001929.0
2026-04-07,GLD,427.9,433.43,423.1,431.81,4645743.0
2026-04-08,GLD,439.98,440.44,431.31,434.53,6530850.0
2026-04-09,GLD,436.47,440.91,435.87,437.91,4830825.0
2026-04-10,GLD,438.59,440.35,436.0,437.13,4291709.0
2026-04-13,GLD,434.78,436.22,431.63,435.36,4010752.0
2026-04-14,GLD,439.32,445.18,439.02,445.09,5737688.0
2026-04-15,GLD,442.88,443.74,439.6,441.4,2478565.0
2026-02-10,IBIT,39.23,39.7,38.49,38.97,54255283.0
2026-02-11,IBIT,38.56,38.7,37.24,38.29,57697584.0
2026-02-12,IBIT,38.52,38.72,36.87,37.05,53991618.0
2026-02-13,IBIT,38.16,39.38,37.89,38.97,56599532.0
2026-02-17,IBIT,38.55,38.7,37.73,38.39,47749129.0
2026-02-18,IBIT,38.01,38.75,37.3,37.54,45358282.0
2026-02-19,IBIT,37.39,38.1,37.2,38.07,38638492.0
2026-02-20,IBIT,37.99,38.61,37.72,38.42,55517819.0
2026-02-23,IBIT,37.47,37.56,36.2,36.55,52099993.0
2026-02-24,IBIT,35.72,36.71,35.6,36.53,38045704.0
2026-02-25,IBIT,37.75,39.46,37.53,39.23,69672700.0
2026-02-26,IBIT,38.63,38.72,37.71,38.26,46086370.0
2026-02-27,IBIT,37.5,37.63,36.91,37.19,40741654.0
2026-03-02,IBIT,37.19,39.78,37.17,39.2,91045452.0
2026-03-03,IBIT,38.03,39.14,37.5,38.7,58807023.0
2026-03-04,IBIT,40.7,42.02,40.44,41.44,96872156.0
2026-03-05,IBIT,41.14,41.31,40.03,40.39,52851514.0
2026-03-06,IBIT,39.11,39.19,38.37,38.6,45517706.0
2026-03-09,IBIT,38.99,39.45,38.69,39.13,61069839.0
2026-03-10,IBIT,40.19,40.73,39.29,39.71,54160052.0
2026-03-11,IBIT,39.83,40.47,39.52,40.07,39428859.0
2026-03-12,IBIT,39.76,40.08,39.31,39.95,35723049.0
2026-03-13,IBIT,41.43,41.97,40.17,40.37,71823739.0
2026-03-16,IBIT,41.92,42.28,41.38,41.94,51984093.0
2026-03-17,IBIT,41.8,42.5,41.61,42.27,34711761.0
2026-03-18,IBIT,41.09,41.14,40.17,40.26,49699553.0
2026-03-19,IBIT,39.29,40.03,39.0,39.82,50460616.0
2026-03-20,IBIT,39.98,40.0,39.32,39.77,41947858.0
2026-03-23,IBIT,40.14,40.72,39.72,40.05,38402459.0
2026-03-24,IBIT,40.0,40.12,39.04,39.28,43407055.0
2026-03-25,IBIT,40.6,40.8,39.98,40.17,30579576.0
2026-03-26,IBIT,39.31,39.58,38.59,38.82,37315217.0
2026-03-27,IBIT,37.8,37.82,37.13,37.4,55020396.0
2026-03-30,IBIT,38.45,38.55,37.5,37.68,33395260.0
2026-03-31,IBIT,37.82,38.85,37.62,38.42,43592002.0
2026-04-01,IBIT,38.85,39.21,38.47,38.64,29407868.0
2026-04-02,IBIT,37.49,38.24,37.23,37.97,27951727.0
2026-04-06,IBIT,39.39,39.9,39.21,39.52,34685947.0
2026-04-07,IBIT,38.8,39.16,38.37,39.1,22103762.0
2026-04-08,IBIT,41.09,41.15,40.04,40.42,38102975.0
2026-04-09,IBIT,40.32,41.15,39.96,40.91,25417975.0
2026-04-10,IBIT,41.0,41.59,40.76,41.56,28963184.0
2026-04-13,IBIT,40.35,41.68,40.13,41.59,36556698.0
2026-04-14,IBIT,42.26,43.19,41.87,42.13,60636258.0
2026-04-15,IBIT,42.19,42.26,41.72,41.89,13275845.0
2026-02-10,IEI,119.59,119.67,119.57,119.64,1038586.0
2026-02-11,IEI,119.34,119.53,119.31,119.4,2014020.0
2026-02-12,IEI,119.48,119.83,119.46,119.82,3093337.0
2026-02-13,IEI,120.07,120.18,120.04,120.14,1948268.0
2026-02-17,IEI,120.13,120.18,120.04,120.08,1157537.0
2026-02-18,IEI,119.94,119.98,119.91,119.92,1144991.0
2026-02-19,IEI,119.91,120.04,119.89,119.96,1094301.0
2026-02-20,IEI,120.02,120.03,119.86,120.02,1578181.0
2026-02-23,IEI,120.09,120.39,120.08,120.33,1227588.0
2026-02-24,IEI,120.3,120.33,120.2,120.27,1692370.0
2026-02-25,IEI,120.16,120.26,120.14,120.17,1691484.0
2026-02-26,IEI,120.24,120.4,120.23,120.38,1502147.0
2026-02-27,IEI,120.65,120.78,120.6,120.72,2090907.0
2026-03-02,IEI,120.14,120.14,119.76,119.88,2590870.0
2026-03-03,IEI,119.52,119.91,119.48,119.82,3504908.0
2026-03-04,IEI,119.79,119.8,119.6,119.6,3584976.0
2026-03-05,IEI,119.34,119.45,119.28,119.4,1970197.0
2026-03-06,IEI,119.19,119.64,119.19,119.41,2925362.0
2026-03-09,IEI,119.33,119.64,119.21,119.6,3179914.0
2026-03-10,IEI,119.6,119.65,119.36,119.38,1593012.0
2026-03-11,IEI,119.27,119.31,119.07,119.1,2253188.0
2026-03-12,IEI,118.95,119.03,118.62,118.72,3230597.0
2026-03-13,IEI,118.92,118.98,118.69,118.75,2430675.0
2026-03-16,IEI,119.05,119.11,118.94,119.09,2415280.0
2026-03-17,IEI,119.19,119.28,119.17,119.17,1860462.0
2026-03-18,IEI,119.05,119.11,118.75,118.75,2342481.0
2026-03-19,IEI,118.44,118.83,118.4,118.72,4377908.0
2026-03-20,IEI,118.32,118.34,117.98,118.08,4701686.0
2026-03-23,IEI,118.15,118.54,118.07,118.36,7181850.0
2026-03-24,IEI,118.0,118.23,117.82,118.01,4315128.0
2026-03-25,IEI,118.35,118.44,118.21,118.38,3106864.0
2026-03-26,IEI,118.09,118.18,117.71,117.74,2527692.0
2026-03-27,IEI,117.66,118.01,117.65,117.96,3199676.0
2026-03-30,IEI,118.37,118.53,118.32,118.43,4163843.0
2026-03-31,IEI,118.69,118.8,118.54,118.6,3606539.0
2026-04-01,IEI,118.19,118.35,118.13,118.14,2920701.0
2026-04-02,IEI,118.17,118.43,118.16,118.29,2628130.0
2026-04-06,IEI,118.07,118.2,118.0,118.07,1353364.0
2026-04-07,IEI,118.13,118.36,117.92,118.29,1315974.0
2026-04-08,IEI,118.7,118.71,118.42,118.49,2210400.0
2026-04-09,IEI,118.46,118.68,118.35,118.51,793344.0
2026-04-10,IEI,118.52,118.54,118.37,118.42,777911.0
2026-04-13,IEI,118.41,118.58,118.33,118.57,1080784.0
2026-04-14,IEI,118.55,118.82,118.5,118.82,952519.0
2026-04-15,IEI,118.75,118.75,118.62,118.63,188052.0
2026-02-10,INDA,53.58,53.81,53.56,53.74,7433421.0
2026-02-11,INDA,53.54,53.68,53.34,53.53,6610912.0
2026-02-12,INDA,53.38,53.51,53.05,53.11,5954525.0
2026-02-13,INDA,52.7,52.92,52.58,52.89,6721974.0
2026-02-17,INDA,53.05,53.29,52.95,53.27,5438706.0
2026-02-18,INDA,53.23,53.42,53.2,53.32,4248086.0
2026-02-19,INDA,52.26,52.36,52.11,52.3,5146670.0
2026-02-20,INDA,52.7,53.47,52.63,53.42,11893858.0
2026-02-23,INDA,52.88,53.01,52.55,52.61,6969422.0
2026-02-24,INDA,52.63,52.88,52.63,52.67,6642703.0
2026-02-25,INDA,52.9,52.94,52.58,52.74,3902011.0
2026-02-26,INDA,52.74,52.84,52.46,52.58,5729317.0
2026-02-27,INDA,52.11,52.32,52.02,52.27,4800166.0
2026-03-02,INDA,50.97,51.26,50.91,50.95,8700946.0
2026-03-03,INDA,49.67,50.31,49.04,50.22,21766243.0
2026-03-04,INDA,50.23,50.36,50.01,50.27,8898477.0
2026-03-05,INDA,50.43,50.55,49.74,50.37,13985013.0
2026-03-06,INDA,49.97,50.16,49.81,49.99,12237977.0
2026-03-09,INDA,49.23,50.26,49.01,49.98,12049809.0
2026-03-10,INDA,50.04,50.51,49.87,49.93,10315485.0
2026-03-11,INDA,49.4,49.62,49.2,49.27,8728687.0
2026-03-12,INDA,48.98,48.99,48.41,48.52,12082743.0
2026-03-13,INDA,48.25,48.5,47.91,48.06,11524736.0
2026-03-16,INDA,48.53,48.68,48.38,48.56,9699017.0
2026-03-17,INDA,48.66,48.79,48.5,48.52,5512238.0
2026-03-18,INDA,48.2,48.42,47.64,47.72,8416625.0
2026-03-19,INDA,47.14,47.67,46.97,47.52,12398870.0
2026-03-20,INDA,47.3,47.39,46.54,46.59,13293533.0
2026-03-23,INDA,47.55,48.21,47.36,47.63,16673651.0
2026-03-24,INDA,46.52,46.74,46.26,46.39,9657916.0
2026-03-25,INDA,47.35,47.61,47.24,47.42,9681334.0
2026-03-26,INDA,47.0,47.31,46.6,46.61,6257590.0
2026-03-27,INDA,46.09,46.11,45.71,45.82,7463034.0
2026-03-30,INDA,45.42,45.65,45.21,45.42,8760071.0
2026-03-31,INDA,45.96,46.84,45.81,46.84,7970972.0
2026-04-01,INDA,46.6,47.02,46.45,46.71,13071094.0
2026-04-02,INDA,46.36,46.93,46.31,46.65,8419611.0
2026-04-06,INDA,47.15,47.39,47.11,47.25,4984528.0
2026-04-07,INDA,47.35,47.41,47.03,47.36,6936024.0
2026-04-08,INDA,49.82,49.91,49.04,49.27,15116584.0
2026-04-09,INDA,49.16,49.47,48.94,49.07,11517056.0
2026-04-10,INDA,49.5,49.6,49.24,49.34,4823768.0
2026-04-13,INDA,48.86,49.41,48.8,49.35,8318376.0
2026-04-14,INDA,49.68,49.9,49.65,49.7,4735294.0
2026-04-15,INDA,49.75,49.92,49.62,49.88,2043858.0
2026-02-10,QQQ,615.32,617.02,611.01,611.47,43710210.0
2026-02-11,QQQ,616.39,617.52,607.69,613.11,45913592.0
2026-02-12,QQQ,614.71,615.81,599.56,600.64,66158578.0
2026-02-13,QQQ,600.42,606.48,596.42,601.92,52078404.0
2026-02-17,QQQ,598.4,603.95,593.34,601.3,54667989.0
2026-02-18,QQQ,602.11,609.78,600.72,605.79,51904081.0
2026-02-19,QQQ,602.81,605.82,600.75,603.47,44293589.0
2026-02-20,QQQ,600.12,610.35,599.23,608.81,57552464.0
2026-02-23,QQQ,606.63,608.01,599.05,601.41,51033108.0
2026-02-24,QQQ,602.33,608.99,599.73,607.87,44135196.0
2026-02-25,QQQ,611.11,616.83,611.0,616.68,40861038.0
2026-02-26,QQQ,615.59,615.59,603.98,609.24,74330634.0
2026-02-27,QQQ,602.98,608.32,602.19,607.29,53971233.0
2026-03-02,QQQ,598.88,609.92,597.99,608.09,61851908.0
2026-03-03,QQQ,596.33,603.96,591.87,601.58,76993656.0
2026-03-04,QQQ,604.16,612.88,603.43,610.75,55296445.0
2026-03-05,QQQ,607.39,612.76,602.26,608.91,74339087.0
2026-03-06,QQQ,600.31,606.0,598.33,599.75,69078074.0
2026-03-09,QQQ,594.2,609.27,591.33,607.76,75985573.0
2026-03-10,QQQ,607.78,613.29,605.42,607.77,51063304.0
2026-03-11,QQQ,608.96,612.43,605.03,607.69,46097321.0
2026-03-12,QQQ,602.73,604.14,597.05,597.26,56998456.0
2026-03-13,QQQ,599.76,603.6,592.57,593.72,48964927.0
2026-03-16,QQQ,600.04,603.86,599.11,600.38,38027010.0
2026-03-17,QQQ,603.14,605.9,601.87,603.31,35989795.0
2026-03-18,QQQ,601.49,603.16,594.56,594.9,39279592.0
2026-03-19,QQQ,589.51,595.8,587.08,593.02,57476351.0
2026-03-20,QQQ,591.1,591.17,578.54,582.06,60529181.0
2026-03-23,QQQ,590.52,595.08,585.96,588.0,65429293.0
2026-03-24,QQQ,584.81,587.93,581.93,583.98,42031522.0
2026-03-25,QQQ,589.14,591.37,585.69,587.82,46400269.0
2026-03-26,QQQ,582.59,584.63,573.43,573.79,63329117.0
2026-03-27,QQQ,570.8,571.02,561.57,562.58,64242342.0
2026-03-30,QQQ,567.38,568.05,555.6,558.28,55062761.0
2026-03-31,QQQ,564.29,578.64,564.21,577.18,73171430.0
2026-04-01,QQQ,581.49,587.74,580.42,584.31,62411869.0
2026-04-02,QQQ,573.97,586.05,571.92,584.98,41212333.0
2026-04-06,QQQ,586.21,590.61,584.69,588.5,26323452.0
2026-04-07,QQQ,585.63,588.98,578.4,588.59,35113017.0
2026-04-08,QQQ,608.71,609.9,602.12,606.09,43755133.0
2026-04-09,QQQ,605.93,610.5,603.03,610.19,28745692.0
2026-04-10,QQQ,611.82,613.67,609.58,611.07,23159909.0
2026-04-13,QQQ,609.47,626.74,608.11,617.39,23168622.0
2026-04-14,QQQ,620.23,628.6,620.1,628.6,35169952.0
2026-04-15,QQQ,629.08,633.4,628.2,633.37,13112359.0
2026-02-10,SHY,82.92,82.95,82.92,82.93,3585313.0
2026-02-11,SHY,82.85,82.89,82.83,82.85,2789501.0
2026-02-12,SHY,82.88,82.95,82.87,82.93,2212289.0
2026-02-13,SHY,83.04,83.07,83.03,83.06,2725331.0
2026-02-17,SHY,83.04,83.05,83.01,83.03,2231286.0
2026-02-18,SHY,82.99,83.0,82.98,82.98,1460937.0
2026-02-19,SHY,82.97,83.01,82.97,82.98,1819290.0
2026-02-20,SHY,83.01,83.02,82.97,82.99,2895614.0
2026-02-23,SHY,83.02,83.08,83.0,83.06,1839271.0
2026-02-24,SHY,83.05,83.07,83.03,83.06,3227385.0
2026-02-25,SHY,83.03,83.04,83.01,83.04,3877463.0
2026-02-26,SHY,83.04,83.09,83.03,83.07,4281216.0
2026-02-27,SHY,83.16,83.2,83.15,83.18,4352512.0
2026-03-02,SHY,82.88,82.89,82.79,82.81,6135532.0
2026-03-03,SHY,82.72,82.82,82.7,82.8,5057529.0
2026-03-04,SHY,82.79,82.8,82.73,82.75,3989780.0
2026-03-05,SHY,82.68,82.71,82.66,82.69,5552782.0
2026-03-06,SHY,82.67,82.81,82.67,82.73,4895870.0
2026-03-09,SHY,82.7,82.78,82.67,82.77,3351224.0
2026-03-10,SHY,82.77,82.8,82.71,82.72,3877370.0
2026-03-11,SHY,82.68,82.69,82.64,82.64,2949899.0
2026-03-12,SHY,82.61,82.63,82.47,82.5,7080167.0
2026-03-13,SHY,82.6,82.61,82.53,82.55,6092259.0
2026-03-16,SHY,82.64,82.65,82.59,82.65,3131391.0
2026-03-17,SHY,82.65,82.68,82.65,82.66,2004726.0
2026-03-18,SHY,82.6,82.63,82.51,82.51,3174333.0
2026-03-19,SHY,82.39,82.53,82.37,82.49,9576411.0
2026-03-20,SHY,82.37,82.38,82.28,82.31,9059808.0
2026-03-23,SHY,82.36,82.49,82.34,82.43,6034537.0
2026-03-24,SHY,82.33,82.39,82.26,82.31,6445507.0
2026-03-25,SHY,82.4,82.43,82.37,82.4,4338392.0
2026-03-26,SHY,82.33,82.36,82.22,82.22,6054749.0
2026-03-27,SHY,82.28,82.39,82.28,82.39,6713676.0
2026-03-30,SHY,82.48,82.54,82.47,82.5,3987192.0
2026-03-31,SHY,82.59,82.62,82.55,82.57,8734212.0
2026-04-01,SHY,82.31,82.35,82.29,82.32,5877763.0
2026-04-02,SHY,82.33,82.39,82.32,82.36,3895319.0
2026-04-06,SHY,82.29,82.31,82.26,82.28,2864188.0
2026-04-07,SHY,82.3,82.38,82.25,82.34,2548006.0
2026-04-08,SHY,82.47,82.48,82.39,82.42,3643421.0
2026-04-09,SHY,82.42,82.48,82.39,82.44,2812562.0
2026-04-10,SHY,82.44,82.46,82.4,82.41,3880647.0
2026-04-13,SHY,82.43,82.47,82.4,82.47,2146511.0
2026-04-14,SHY,82.46,82.53,82.45,82.53,2341337.0
2026-04-15,SHY,82.52,82.52,82.48,82.48,463116.0
2026-02-10,SLV,74.72,75.25,72.45,73.41,53233337.0
2026-02-11,SLV,76.92,76.99,74.81,76.56,54642915.0
2026-02-12,SLV,75.19,75.67,67.35,67.73,105021524.0
2026-02-13,SLV,71.21,71.32,68.86,69.72,52686068.0
2026-02-17,SLV,67.27,67.7,65.14,66.37,63187611.0
2026-02-18,SLV,69.66,70.97,69.07,70.09,48942306.0
2026-02-19,SLV,70.68,71.67,69.87,71.01,38893582.0
2026-02-20,SLV,73.11,76.68,72.25,76.62,66780037.0
2026-02-23,SLV,78.34,80.7,77.9,80.57,70737354.0
2026-02-24,SLV,78.23,79.94,77.94,79.08,43348480.0
2026-02-25,SLV,81.85,82.73,79.88,80.04,47904146.0
2026-02-26,SLV,78.76,80.57,77.19,80.45,39400259.0
2026-02-27,SLV,83.25,85.27,82.36,84.99,54620072.0
2026-03-02,SLV,81.17,82.38,78.34,81.57,70480641.0
2026-03-03,SLV,74.21,76.14,71.68,74.68,63231413.0
2026-03-04,SLV,76.34,77.06,74.41,75.34,29889380.0
2026-03-05,SLV,74.91,75.52,73.01,74.27,37379146.0
2026-03-06,SLV,75.09,76.97,74.58,75.94,30416021.0
2026-03-09,SLV,76.43,78.56,75.23,78.26,26507161.0
2026-03-10,SLV,80.89,81.28,78.73,80.09,28578026.0
2026-03-11,SLV,78.03,78.07,76.45,77.91,21955609.0
2026-03-12,SLV,78.53,78.54,76.36,76.48,22525112.0
2026-03-13,SLV,76.07,76.28,71.91,72.69,35486727.0
2026-03-16,SLV,73.26,73.96,72.01,73.22,27076521.0
2026-03-17,SLV,73.16,73.72,70.84,71.66,25845175.0
2026-03-18,SLV,69.51,70.55,68.66,68.7,33205581.0
2026-03-19,SLV,61.9,65.74,60.85,65.68,66507313.0
2026-03-20,SLV,64.74,64.96,61.25,61.52,42310995.0
2026-03-23,SLV,61.3,64.11,60.98,62.47,46421364.0
2026-03-24,SLV,61.62,63.69,61.26,62.95,37074094.0
2026-03-25,SLV,66.04,66.4,64.48,65.21,28509272.0
2026-03-26,SLV,62.1,63.14,60.37,60.77,42660331.0
2026-03-27,SLV,61.46,64.88,61.22,63.44,43248570.0
2026-03-30,SLV,64.49,64.63,63.02,63.52,23984976.0
2026-03-31,SLV,65.84,68.2,65.69,68.14,32425940.0
2026-04-01,SLV,67.96,68.91,67.37,68.14,29252443.0
2026-04-02,SLV,63.55,66.23,63.49,65.79,26918365.0
2026-04-06,SLV,65.85,66.29,65.22,66.09,14018968.0
2026-04-07,SLV,65.28,66.19,63.2,65.94,21532952.0
2026-04-08,SLV,69.71,69.93,66.52,67.47,23318847.0
2026-04-09,SLV,67.62,69.34,67.17,68.39,21995889.0
2026-04-10,SLV,69.1,69.55,68.56,69.08,15526857.0
2026-04-13,SLV,67.17,68.68,66.58,68.28,18532472.0
2026-04-14,SLV,70.33,72.07,70.27,72.04,24988454.0
2026-04-15,SLV,71.92,72.9,71.35,71.92,10074058.0
2026-02-10,SPY,694.95,696.54,691.66,692.12,49554789.0
2026-02-11,SPY,696.43,697.14,689.18,691.96,61930559.0
2026-02-12,SPY,694.28,695.35,680.37,681.27,93735247.0
2026-02-13,SPY,681.68,686.28,677.52,681.75,70640325.0
2026-02-17,SPY,680.12,684.94,675.78,682.85,66371949.0
2026-02-18,SPY,684.01,689.15,682.83,686.29,57651171.0
2026-02-19,SPY,683.86,686.18,681.54,684.48,47509581.0
2026-02-20,SPY,682.32,690.06,681.73,689.43,68789233.0
2026-02-23,SPY,687.82,690.0,680.37,682.39,70943696.0
2026-02-24,SPY,681.9,688.35,680.0,687.35,55305092.0
2026-02-25,SPY,690.19,693.68,690.1,693.15,41143396.0
2026-02-26,SPY,693.28,693.32,684.35,689.3,58258896.0
2026-02-27,SPY,683.06,686.86,681.64,685.99,60856244.0
2026-03-02,SPY,678.7,688.62,678.02,686.38,66960247.0
2026-03-03,SPY,675.05,682.61,669.66,680.33,81442948.0
2026-03-04,SPY,681.63,687.09,679.62,685.13,56273441.0
2026-03-05,SPY,682.07,685.53,675.61,681.31,80119188.0
2026-03-06,SPY,673.39,676.11,669.76,672.38,74422674.0
2026-03-09,SPY,666.39,679.92,662.39,678.27,79435428.0
2026-03-10,SPY,677.71,683.36,674.76,677.18,63961483.0
2026-03-11,SPY,677.54,680.08,673.34,676.33,49484850.0
2026-03-12,SPY,671.13,671.65,665.9,666.06,79371056.0
2026-03-13,SPY,669.28,672.34,661.36,662.29,67245331.0
2026-03-16,SPY,668.34,672.07,667.12,669.03,58508078.0
2026-03-17,SPY,672.35,674.44,669.7,670.79,50622538.0
2026-03-18,SPY,668.33,669.72,661.19,661.43,59053920.0
2026-03-19,SPY,656.97,662.98,655.17,659.8,79503361.0
2026-03-20,SPY,656.51,656.69,644.72,648.57,92202373.0
2026-03-23,SPY,658.04,662.62,653.94,655.38,87856993.0
2026-03-24,SPY,651.34,657.03,649.88,653.18,66977403.0
2026-03-25,SPY,658.68,660.89,654.24,656.82,71070270.0
2026-03-26,SPY,652.05,654.85,644.82,645.09,68766506.0
2026-03-27,SPY,642.52,642.66,633.1,634.09,75617677.0
2026-03-30,SPY,640.12,640.37,629.28,631.97,73804400.0
2026-03-31,SPY,638.94,651.54,637.98,650.34,104672295.0
2026-04-01,SPY,653.88,658.52,653.0,655.24,72484644.0
2026-04-02,SPY,646.42,658.2,645.11,655.83,48156027.0
2026-04-06,SPY,655.86,659.72,655.52,658.93,28078176.0
2026-04-07,SPY,656.64,659.61,651.06,659.22,47906745.0
2026-04-08,SPY,676.39,677.08,671.46,676.01,67556235.0
2026-04-09,SPY,674.84,681.16,673.77,679.91,42289599.0
2026-04-10,SPY,681.3,682.03,678.45,679.46,30232749.0
2026-04-13,SPY,677.4,686.3,676.58,686.1,36496307.0
2026-04-14,SPY,687.69,694.58,687.66,694.46,43054450.0
2026-04-15,SPY,695.26,697.56,694.2,697.42,15025665.0
2026-02-10,TLT,88.24,88.53,88.22,88.53,28921661.0
2026-02-11,TLT,88.04,88.48,87.93,88.06,28104843.0
2026-02-12,TLT,88.36,89.28,88.35,89.23,39674717.0
2026-02-13,TLT,89.62,89.81,89.52,89.72,41269712.0
2026-02-17,TLT,89.93,90.12,89.76,89.87,27683722.0
2026-02-18,TLT,89.69,89.86,89.47,89.53,29129051.0
2026-02-19,TLT,89.39,89.72,89.36,89.62,22683603.0
2026-02-20,TLT,89.7,89.74,88.93,89.41,42858927.0
2026-02-23,TLT,89.56,90.0,89.53,89.74,28052365.0
2026-02-24,TLT,89.95,90.05,89.76,89.9,22149554.0
2026-02-25,TLT,89.71,90.08,89.71,89.91,19495854.0
2026-02-26,TLT,90.06,90.32,90.05,90.27,24306895.0
2026-02-27,TLT,90.68,90.86,90.55,90.82,42897068.0
2026-03-02,TLT,89.98,89.99,89.35,89.61,45271280.0
2026-03-03,TLT,88.98,89.67,88.93,89.43,43321924.0
2026-03-04,TLT,89.27,89.44,89.09,89.15,40682150.0
2026-03-05,TLT,88.63,88.94,88.51,88.79,37854621.0
2026-03-06,TLT,88.32,88.94,88.01,88.46,50893829.0
2026-03-09,TLT,88.3,89.32,88.2,89.23,44547801.0
2026-03-10,TLT,88.8,88.95,88.27,88.28,41031331.0
2026-03-11,TLT,87.75,87.81,87.07,87.14,42503866.0
2026-03-12,TLT,86.91,87.25,86.77,86.97,40816921.0
2026-03-13,TLT,86.93,87.15,86.47,86.54,34215504.0
2026-03-16,TLT,87.17,87.34,86.96,87.21,29444990.0
2026-03-17,TLT,87.36,87.57,87.31,87.45,16317974.0
2026-03-18,TLT,87.36,87.48,86.93,86.95,31586668.0
2026-03-19,TLT,87.06,87.73,86.97,87.49,50614144.0
2026-03-20,TLT,86.81,86.86,85.76,85.83,62114586.0
2026-03-23,TLT,86.18,86.72,85.93,86.39,59659380.0
2026-03-24,TLT,85.72,86.29,85.56,86.01,43243716.0
2026-03-25,TLT,86.75,86.88,86.48,86.84,31266744.0
2026-03-26,TLT,86.34,86.61,85.93,86.11,27233147.0
2026-03-27,TLT,85.5,86.1,85.45,85.64,35153531.0
2026-03-30,TLT,86.63,86.95,86.48,86.78,25820186.0
2026-03-31,TLT,86.93,87.16,86.57,86.69,40597715.0
2026-04-01,TLT,86.28,86.71,86.23,86.26,24443960.0
2026-04-02,TLT,86.2,86.85,86.15,86.79,23419320.0
2026-04-06,TLT,86.5,86.85,86.38,86.65,12078097.0
2026-04-07,TLT,86.52,86.68,85.91,86.64,18601102.0
2026-04-08,TLT,87.36,87.37,86.73,86.92,17642579.0
2026-04-09,TLT,86.69,87.14,86.39,86.7,15294975.0
2026-04-10,TLT,86.6,86.68,86.33,86.49,10015902.0
2026-04-13,TLT,86.44,86.8,86.25,86.75,10287839.0
2026-04-14,TLT,86.7,87.24,86.63,87.21,11446985.0
2026-04-15,TLT,87.02,87.07,86.81,86.87,4019004.0
2026-02-10,TQQQ,51.97,52.4,50.89,51.02,61804260.0
2026-02-11,TQQQ,52.21,52.5,50.04,51.4,79678656.0
2026-02-12,TQQQ,51.8,52.07,47.99,48.26,118018550.0
2026-02-13,TQQQ,48.14,49.6,47.18,48.47,105074204.0
2026-02-17,TQQQ,47.64,48.98,46.42,48.35,103280001.0
2026-02-18,TQQQ,48.53,50.37,48.2,49.39,70764117.0
2026-02-19,TQQQ,48.67,49.4,48.16,48.83,73143111.0
2026-02-20,TQQQ,47.96,50.45,47.76,50.06,104098204.0
2026-02-23,TQQQ,49.53,49.88,47.66,48.24,78808885.0
2026-02-24,TQQQ,48.45,50.04,47.82,49.78,61757614.0
2026-02-25,TQQQ,50.55,51.96,50.53,51.87,42605514.0
2026-02-26,TQQQ,51.63,51.64,48.71,50.05,93758894.0
2026-02-27,TQQQ,48.45,49.77,48.26,49.52,80909924.0
2026-03-02,TQQQ,47.46,50.15,47.23,49.7,92510032.0
2026-03-03,TQQQ,46.81,48.67,45.71,48.1,133170586.0
2026-03-04,TQQQ,48.69,50.79,48.52,50.26,80342790.0
2026-03-05,TQQQ,49.44,50.76,48.17,49.8,113428646.0
2026-03-06,TQQQ,47.66,49.05,47.18,47.54,118039782.0
2026-03-09,TQQQ,46.19,49.77,45.5,49.39,134044008.0
2026-03-10,TQQQ,49.41,50.74,48.83,49.4,100218769.0
2026-03-11,TQQQ,49.68,50.52,48.72,49.35,75903396.0
2026-03-12,TQQQ,48.15,48.49,46.75,46.83,114929112.0
2026-03-13,TQQQ,47.35,48.25,45.67,45.93,124938299.0
2026-03-16,TQQQ,47.37,48.27,47.18,47.46,67581789.0
2026-03-17,TQQQ,48.12,48.76,47.81,48.16,63480872.0
2026-03-18,TQQQ,47.72,48.11,46.05,46.1,86102301.0
2026-03-19,TQQQ,44.87,46.32,44.3,45.69,117271754.0
2026-03-20,TQQQ,45.18,45.21,42.3,43.08,114610618.0
2026-03-23,TQQQ,45.11,46.15,44.12,44.57,103129788.0
2026-03-24,TQQQ,43.83,44.55,43.19,43.62,81801339.0
2026-03-25,TQQQ,44.7,45.22,43.94,44.39,64110802.0
2026-03-26,TQQQ,43.23,43.68,41.15,41.23,94123937.0
2026-03-27,TQQQ,40.56,40.59,38.56,38.78,101130910.0
2026-03-30,TQQQ,39.75,39.91,37.32,37.89,91068346.0
2026-03-31,TQQQ,39.09,42.0,39.06,41.68,127348684.0
2026-04-01,TQQQ,42.63,43.98,42.41,43.23,90228424.0
2026-04-02,TQQQ,40.89,43.55,40.44,43.33,93838610.0
2026-04-06,TQQQ,43.6,44.59,43.27,44.1,58116977.0
2026-04-07,TQQQ,43.46,44.21,41.84,44.15,100376186.0
2026-04-08,TQQQ,48.65,48.92,47.15,48.0,80809944.0
2026-04-09,TQQQ,48.02,49.09,47.31,48.96,69521058.0
2026-04-10,TQQQ,49.36,49.81,48.82,49.17,54450940.0
2026-04-13,TQQQ,48.78,50.74,48.46,50.66,55488992.0
2026-04-14,TQQQ,51.39,53.43,51.38,53.41,59922850.0
2026-04-15,TQQQ,53.57,54.66,53.33,54.63,30309560.0
2026-02-10,UNG,12.3,12.47,12.06,12.13,7936255.0
2026-02-11,UNG,12.06,12.42,12.02,12.32,8982736.0
2026-02-12,UNG,12.74,12.82,12.34,12.43,11761328.0
2026-02-13,UNG,12.23,12.61,12.22,12.44,7616282.0
2026-02-17,UNG,11.9,12.04,11.79,11.9,8120878.0
2026-02-18,UNG,11.78,11.9,11.54,11.87,8342128.0
2026-02-19,UNG,12.04,12.09,11.77,11.8,9107189.0
2026-02-20,UNG,11.88,12.37,11.81,12.01,9212913.0
2026-02-23,UNG,12.09,12.15,11.73,11.74,7980553.0
2026-02-24,UNG,11.6,11.7,11.38,11.46,6019623.0
2026-02-25,UNG,11.64,11.79,11.51,11.6,6591810.0
2026-02-26,UNG,11.3,11.43,11.17,11.38,8989037.0
2026-02-27,UNG,11.51,11.6,11.37,11.52,6345325.0
2026-03-02,UNG,11.93,12.04,11.72,12.0,12779019.0
2026-03-03,UNG,12.78,12.83,12.03,12.28,17118684.0
2026-03-04,UNG,11.85,11.95,11.64,11.78,9844078.0
2026-03-05,UNG,11.89,12.26,11.76,12.05,11647375.0
2026-03-06,UNG,12.53,13.19,12.4,12.75,22000983.0
2026-03-09,UNG,13.08,13.26,12.25,12.31,25378495.0
2026-03-10,UNG,12.19,12.38,11.92,12.27,12571169.0
2026-03-11,UNG,12.55,12.94,12.37,12.88,8971501.0
2026-03-12,UNG,13.04,13.14,12.66,13.04,12785287.0
2026-03-13,UNG,12.77,12.82,12.51,12.64,10303155.0
2026-03-16,UNG,12.51,12.61,12.05,12.21,9523106.0
2026-03-17,UNG,12.39,12.41,12.11,12.2,5215679.0
2026-03-18,UNG,12.19,12.79,12.09,12.67,12072818.0
2026-03-19,UNG,13.0,13.09,12.4,12.56,18557902.0
2026-03-20,UNG,12.23,12.5,12.21,12.39,9075203.0
2026-03-23,UNG,11.94,12.01,11.59,11.73,12452381.0
2026-03-24,UNG,11.84,11.9,11.65,11.73,5530525.0
2026-03-25,UNG,11.63,11.93,11.58,11.86,5037055.0
2026-03-26,UNG,11.89,12.1,11.79,11.84,7510177.0
2026-03-27,UNG,12.29,12.39,12.03,12.28,7618919.0
2026-03-30,UNG,11.69,11.77,11.57,11.68,8061659.0
2026-03-31,UNG,12.04,12.05,11.65,11.73,6950717.0
2026-04-01,UNG,11.55,11.57,11.31,11.42,6151207.0
2026-04-02,UNG,11.39,11.43,11.28,11.35,6820155.0
2026-04-06,UNG,11.59,11.6,11.36,11.37,3973122.0
2026-04-07,UNG,11.61,11.72,11.53,11.55,6656130.0
2026-04-08,UNG,11.1,11.24,10.96,11.08,9346308.0
2026-04-09,UNG,11.06,11.07,10.77,10.88,10581881.0
2026-04-10,UNG,10.81,10.9,10.7,10.77,6025921.0
2026-04-13,UNG,10.97,11.0,10.62,10.68,6611124.0
2026-04-14,UNG,10.73,10.75,10.4,10.56,6580032.0
2026-04-15,UNG,10.53,10.65,10.5,10.51,1796580.0
2026-02-10,USO,78.3,78.44,77.28,78.03,4482217.0
2026-02-11,USO,79.68,79.83,78.24,78.89,8073222.0
2026-02-12,USO,78.0,78.07,75.71,76.38,5493798.0
2026-02-13,USO,76.12,76.72,75.66,76.22,4037846.0
2026-02-17,USO,76.21,76.48,75.18,75.73,5261851.0
2026-02-18,USO,77.92,79.63,77.84,79.4,7371975.0
2026-02-19,USO,80.43,81.27,79.69,81.19,7992932.0
2026-02-20,USO,80.54,81.24,80.17,80.85,6233493.0
2026-02-23,USO,81.49,81.92,80.5,80.9,4107351.0
2026-02-24,USO,81.19,81.22,79.8,80.76,8389297.0
2026-02-25,USO,80.1,80.14,79.32,79.73,4972974.0
2026-02-26,USO,78.15,81.24,78.03,79.77,12853919.0
2026-02-27,USO,82.0,82.12,80.58,81.95,9016065.0
2026-03-02,USO,87.62,88.64,83.2,87.19,27499657.0
2026-03-03,USO,94.1,94.37,87.33,90.2,32320627.0
2026-03-04,USO,90.18,91.59,89.11,91.56,18630071.0
2026-03-05,USO,94.46,98.83,94.05,96.31,36191369.0
2026-03-06,USO,105.38,109.91,104.53,108.77,48773174.0
2026-03-09,USO,119.42,124.07,98.47,104.33,93029706.0
2026-03-10,USO,107.13,107.56,94.23,105.86,97820170.0
2026-03-11,USO,105.03,108.36,100.99,108.05,56473650.0
2026-03-12,USO,115.69,119.13,113.94,118.39,66546793.0
2026-03-13,USO,115.08,121.15,114.56,119.89,42061869.0
2026-03-16,USO,116.93,118.91,114.36,115.03,47706366.0
2026-03-17,USO,117.42,119.13,116.07,118.84,28087068.0
2026-03-18,USO,121.03,122.87,117.45,121.67,47826569.0
2026-03-19,USO,120.4,125.19,114.68,117.36,67538486.0
2026-03-20,USO,118.96,123.02,118.33,121.43,35280026.0
2026-03-23,USO,113.28,114.45,106.45,110.56,63968301.0
2026-03-24,USO,115.23,116.35,112.77,114.54,31615621.0
2026-03-25,USO,109.29,114.25,109.02,113.39,27657762.0
2026-03-26,USO,116.73,118.94,115.2,117.26,28489912.0
2026-03-27,USO,120.79,125.3,120.47,124.2,22836453.0
2026-03-30,USO,126.84,130.08,126.31,129.83,27575347.0
2026-03-31,USO,129.36,130.93,124.2,127.25,41684339.0
2026-04-01,USO,124.86,125.74,122.48,124.09,30159204.0
2026-04-02,USO,139.27,140.0,131.89,137.92,42848596.0
2026-04-06,USO,138.5,140.89,136.38,138.94,21743309.0
2026-04-07,USO,141.33,143.98,130.0,138.08,29688439.0
2026-04-08,USO,119.06,125.23,118.06,124.58,37473147.0
2026-04-09,USO,127.19,129.64,123.06,126.96,34486134.0
2026-04-10,USO,125.61,127.78,123.98,124.82,11130828.0
2026-04-13,USO,133.37,133.53,127.16,128.47,15875738.0
2026-04-14,USO,127.1,127.23,122.91,123.85,10040135.0
2026-04-15,USO,123.25,125.24,122.43,124.33,3725228.0
2026-02-10,VEA,68.75,68.77,68.51,68.54,15792085.0
2026-02-11,VEA,69.06,69.18,68.46,69.05,17744943.0
2026-02-12,VEA,69.3,69.4,68.3,68.5,19232900.0
2026-02-13,VEA,68.43,68.87,68.02,68.76,18816190.0
2026-02-17,VEA,68.26,68.75,67.83,68.58,18477979.0
2026-02-18,VEA,68.75,69.15,68.63,68.81,10732000.0
2026-02-19,VEA,68.44,68.8,68.3,68.79,12202561.0
2026-02-20,VEA,68.83,69.56,68.76,69.52,14610567.0
2026-02-23,VEA,69.44,69.66,68.98,69.18,11321951.0
2026-02-24,VEA,69.15,69.64,69.06,69.46,16351928.0
2026-02-25,VEA,70.0,70.33,69.9,70.26,11192428.0
2026-02-26,VEA,70.37,70.44,69.72,70.31,18537421.0
2026-02-27,VEA,70.31,70.55,70.08,70.24,16955129.0
2026-03-02,VEA,68.56,69.3,68.49,69.01,17264768.0
2026-03-03,VEA,65.76,66.93,64.91,66.61,26416957.0
2026-03-04,VEA,66.8,67.53,66.59,67.38,32671927.0
2026-03-05,VEA,66.33,66.68,65.1,65.79,20810606.0
2026-03-06,VEA,64.64,65.6,64.41,65.28,17362188.0
2026-03-09,VEA,64.28,66.13,63.7,65.91,35284289.0
2026-03-10,VEA,66.32,67.16,65.88,65.97,24118001.0
2026-03-11,VEA,65.7,66.13,65.36,65.86,14970118.0
2026-03-12,VEA,65.2,65.2,64.32,64.57,19512593.0
2026-03-13,VEA,64.87,65.11,63.72,63.82,14061956.0
2026-03-16,VEA,64.82,65.38,64.71,65.19,15935583.0
2026-03-17,VEA,65.69,65.82,65.31,65.41,14408968.0
2026-03-18,VEA,65.11,65.23,64.23,64.28,13536520.0
2026-03-19,VEA,63.12,64.54,63.01,64.16,27737560.0
2026-03-20,VEA,63.8,63.8,61.68,62.04,22191408.0
2026-03-23,VEA,63.35,64.41,62.99,63.66,27704859.0
2026-03-24,VEA,62.74,63.54,62.56,63.15,19848680.0
2026-03-25,VEA,64.2,64.33,63.62,63.97,10368730.0
2026-03-26,VEA,63.18,63.66,62.47,62.48,11670944.0
2026-03-27,VEA,62.21,62.72,61.82,62.05,21438753.0
2026-03-30,VEA,62.6,62.68,61.72,62.03,12266036.0
2026-03-31,VEA,62.8,64.11,62.57,64.08,19179902.0
2026-04-01,VEA,64.97,65.59,64.8,65.14,18855746.0
2026-04-02,VEA,63.51,64.96,63.45,64.64,11539528.0
2026-04-06,VEA,64.82,65.25,64.77,65.12,10205577.0
2026-04-07,VEA,64.68,65.17,64.0,65.09,13209847.0
2026-04-08,VEA,68.09,68.09,67.3,67.82,11666877.0
2026-04-09,VEA,67.09,67.88,66.84,67.55,9900251.0
2026-04-10,VEA,67.97,68.04,67.44,67.74,9320961.0
2026-04-13,VEA,67.08,68.24,67.03,68.21,16972710.0
2026-04-14,VEA,68.58,68.97,68.48,68.89,7518438.0
2026-04-15,VEA,68.69,68.73,68.5,68.67,2271333.0
2026-02-10,VFH,131.94,133.11,130.37,131.42,210315.0
2026-02-11,VFH,131.77,132.38,129.29,129.38,550544.0
2026-02-12,VFH,129.9,130.21,126.07,126.87,1280767.0
2026-02-13,VFH,126.36,127.44,125.72,126.81,278441.0
2026-02-17,VFH,127.56,128.56,127.29,127.99,334964.0
2026-02-18,VFH,128.27,129.45,128.19,128.92,470512.0
2026-02-19,VFH,127.91,128.4,126.83,127.88,406015.0
2026-02-20,VFH,127.55,128.62,126.82,128.59,515713.0
2026-02-23,VFH,128.11,128.53,123.98,124.18,1083267.0
2026-02-24,VFH,123.48,125.27,123.01,124.82,776909.0
2026-02-25,VFH,125.52,127.03,125.25,126.89,537550.0
2026-02-26,VFH,127.29,128.87,127.23,128.49,426180.0
2026-02-27,VFH,126.85,127.32,124.58,125.56,300853.0
2026-03-02,VFH,123.6,126.4,123.51,125.67,653351.0
2026-03-03,VFH,123.34,126.14,122.53,125.42,634383.0
2026-03-04,VFH,125.74,126.37,125.04,126.04,357568.0
2026-03-05,VFH,125.38,126.61,124.35,125.2,673993.0
2026-03-06,VFH,123.01,123.51,121.4,123.43,761423.0
2026-03-09,VFH,121.73,123.29,119.91,122.83,1206518.0
2026-03-10,VFH,122.7,123.74,121.45,122.22,502331.0
2026-03-11,VFH,121.9,122.31,120.07,121.11,829632.0
2026-03-12,VFH,119.53,120.01,119.03,119.13,1140624.0
2026-03-13,VFH,119.88,120.65,119.12,119.23,586059.0
2026-03-16,VFH,120.11,121.3,119.79,120.18,361077.0
2026-03-17,VFH,121.11,122.33,120.76,120.88,560200.0
2026-03-18,VFH,120.26,121.18,119.26,119.34,762123.0
2026-03-19,VFH,118.7,119.93,118.25,119.45,669595.0
2026-03-20,VFH,119.33,120.15,118.79,119.52,496402.0
2026-03-23,VFH,121.79,122.29,120.71,120.78,1254534.0
2026-03-24,VFH,119.38,121.24,119.29,120.45,533941.0
2026-03-25,VFH,121.47,122.15,119.76,120.7,536013.0
2026-03-26,VFH,120.11,121.04,119.58,119.99,495648.0
2026-03-27,VFH,119.36,119.36,116.67,117.0,1068929.0
2026-03-30,VFH,118.0,119.13,117.63,118.24,602858.0
2026-03-31,VFH,119.69,120.99,118.69,120.81,546676.0
2026-04-01,VFH,121.95,121.97,120.27,120.84,658035.0
2026-04-02,VFH,119.26,121.88,118.84,121.32,754280.0
2026-04-06,VFH,121.15,122.34,121.08,122.19,762523.0
2026-04-07,VFH,121.58,122.5,121.28,122.19,434255.0
2026-04-08,VFH,125.13,126.2,124.98,125.53,616849.0
2026-04-09,VFH,124.89,126.39,124.52,125.88,1376097.0
2026-04-10,VFH,125.65,125.74,124.24,124.56,652771.0
2026-04-13,VFH,123.8,126.75,123.72,126.68,243591.0
2026-04-14,VFH,126.51,127.45,126.34,127.15,2022091.0
2026-04-15,VFH,127.83,128.42,127.29,127.98,137953.0
2026-02-10,VHT,289.49,290.33,287.34,287.56,146769.0
2026-02-11,VHT,286.95,289.04,285.59,288.78,191326.0
2026-02-12,VHT,288.86,290.33,287.14,287.81,159065.0
2026-02-13,VHT,288.75,292.78,288.34,290.39,143229.0
2026-02-17,VHT,290.6,292.95,290.0,290.6,143595.0
2026-02-18,VHT,290.42,291.6,289.25,291.42,150911.0
2026-02-19,VHT,290.53,291.11,288.81,290.87,392467.0
2026-02-20,VHT,290.23,290.49,288.23,289.9,176433.0
2026-02-23,VHT,290.6,293.19,290.3,292.72,247674.0
2026-02-24,VHT,292.0,292.84,290.77,291.93,200889.0
2026-02-25,VHT,292.12,294.5,291.54,291.88,202074.0
2026-02-26,VHT,292.02,292.06,288.55,291.42,205006.0
2026-02-27,VHT,289.82,295.65,289.81,295.51,129436.0
2026-03-02,VHT,293.39,294.47,291.62,292.69,233331.0
2026-03-03,VHT,289.05,290.57,285.85,289.44,174056.0
2026-03-04,VHT,289.53,291.13,287.55,290.24,97091.0
2026-03-05,VHT,287.17,287.47,282.33,284.57,183140.0
2026-03-06,VHT,282.34,282.63,279.18,282.15,233983.0
2026-03-09,VHT,280.45,285.83,279.39,285.32,130714.0
2026-03-10,VHT,285.58,286.05,282.94,283.48,114985.0
2026-03-11,VHT,283.07,283.44,281.23,282.75,130497.0
2026-03-12,VHT,281.13,281.6,277.0,277.21,253449.0
2026-03-13,VHT,278.7,281.0,276.3,276.67,147325.0
2026-03-16,VHT,278.08,280.34,278.0,278.96,180794.0
2026-03-17,VHT,279.81,280.73,276.98,277.13,145115.0
2026-03-18,VHT,275.81,275.81,272.38,272.57,237361.0
2026-03-19,VHT,272.12,274.0,271.08,271.9,144096.0
2026-03-20,VHT,271.5,272.25,267.94,269.03,202738.0
2026-03-23,VHT,272.35,272.72,269.21,269.45,190001.0
2026-03-24,VHT,267.05,269.17,265.73,268.25,209886.0
2026-03-25,VHT,270.31,272.09,269.79,271.52,106257.0
2026-03-26,VHT,270.01,272.66,269.78,270.42,237096.0
2026-03-27,VHT,270.08,270.42,264.97,265.36,150953.0
2026-03-30,VHT,267.12,267.8,265.61,266.36,101239.0
2026-03-31,VHT,268.28,272.68,268.28,272.33,97046.0
2026-04-01,VHT,274.1,276.37,273.36,274.5,194268.0
2026-04-02,VHT,272.02,275.71,271.65,273.07,86039.0
2026-04-06,VHT,272.4,273.72,271.29,272.11,208945.0
2026-04-07,VHT,273.01,273.26,269.59,272.82,125898.0
2026-04-08,VHT,276.59,278.23,275.13,278.2,104826.0
2026-04-09,VHT,276.85,279.17,275.9,277.65,95114.0
2026-04-10,VHT,278.55,278.55,273.35,273.78,65836.0
2026-04-13,VHT,273.32,275.91,272.49,275.89,155273.0
2026-04-14,VHT,275.37,279.23,275.08,277.9,95696.0
2026-04-15,VHT,278.21,278.91,275.42,276.19,27926.0
2026-02-10,VIS,337.35,339.26,336.2,337.23,89839.0
2026-02-11,VIS,340.5,343.19,337.23,339.28,80116.0
2026-02-12,VIS,341.09,345.03,333.6,334.23,95734.0
2026-02-13,VIS,334.93,339.23,333.65,337.03,86175.0
2026-02-17,VIS,336.36,340.27,335.27,338.64,82616.0
2026-02-18,VIS,339.41,341.42,337.77,339.23,55639.0
2026-02-19,VIS,338.8,342.34,338.5,341.5,72569.0
2026-02-20,VIS,341.19,345.1,340.07,342.93,92230.0
2026-02-23,VIS,341.57,341.66,336.74,337.98,84222.0
2026-02-24,VIS,337.69,342.71,337.06,342.37,63751.0
2026-02-25,VIS,343.9,343.9,337.7,340.12,59000.0
2026-02-26,VIS,340.9,342.34,336.25,342.12,75707.0
2026-02-27,VIS,338.65,341.85,337.83,341.85,53530.0
2026-03-02,VIS,339.66,345.71,338.82,345.06,77671.0
2026-03-03,VIS,338.93,339.43,332.0,337.94,190477.0
2026-03-04,VIS,340.04,340.57,336.7,339.34,76772.0
2026-03-05,VIS,336.86,337.51,327.93,331.63,137490.0
2026-03-06,VIS,326.65,327.99,323.86,326.26,80243.0
2026-03-09,VIS,322.89,329.95,319.04,329.04,91301.0
2026-03-10,VIS,328.31,332.24,327.02,327.19,191857.0
2026-03-11,VIS,326.63,328.23,324.0,326.65,278584.0
2026-03-12,VIS,323.82,323.82,317.95,318.17,81223.0
2026-03-13,VIS,320.25,321.41,315.12,316.59,99186.0
2026-03-16,VIS,319.73,321.72,318.25,319.58,40979.0
2026-03-17,VIS,321.9,322.93,318.53,321.22,51727.0
2026-03-18,VIS,320.57,322.52,317.97,318.06,52649.0
2026-03-19,VIS,314.2,318.61,312.86,316.74,101749.0
2026-03-20,VIS,316.49,317.46,308.74,311.14,188814.0
2026-03-23,VIS,316.98,321.58,315.46,315.46,47597.0
2026-03-24,VIS,311.84,317.76,311.16,316.61,67980.0
2026-03-25,VIS,320.6,320.87,317.53,319.37,57843.0
2026-03-26,VIS,316.28,318.11,310.91,311.17,84655.0
2026-03-27,VIS,310.02,311.09,306.57,307.21,97645.0
2026-03-30,VIS,309.42,309.7,300.91,301.89,264647.0
2026-03-31,VIS,306.07,312.89,305.37,312.22,64372.0
2026-04-01,VIS,315.68,320.27,315.56,317.4,71526.0
2026-04-02,VIS,311.51,319.51,310.89,316.36,106285.0
2026-04-06,VIS,316.09,317.99,314.6,317.99,39486.0
2026-04-07,VIS,316.29,318.27,314.41,317.42,63030.0
2026-04-08,VIS,328.19,331.5,327.34,329.69,51715.0
2026-04-09,VIS,328.63,334.81,328.27,332.89,43688.0
2026-04-10,VIS,333.69,333.79,331.61,331.8,74955.0
2026-04-13,VIS,330.5,334.97,330.5,334.94,106842.0
2026-04-14,VIS,336.27,338.12,334.4,336.73,99444.0
2026-04-15,VIS,336.53,336.53,332.03,332.2,25566.0
2026-02-10,VIXY,25.86,26.35,25.71,26.34,1362106.0
2026-02-11,VIXY,25.73,26.87,25.65,26.24,2149809.0
2026-02-12,VIXY,26.01,27.98,25.82,27.9,4062260.0
2026-02-13,VIXY,27.86,28.79,26.89,28.31,4394279.0
2026-02-17,VIXY,28.52,29.25,27.18,27.3,4111824.0
2026-02-18,VIXY,27.41,27.75,26.72,27.37,2480480.0
2026-02-19,VIXY,28.05,28.64,27.84,28.05,2138925.0
2026-02-20,VIXY,28.5,28.74,27.11,27.4,3024826.0
2026-02-23,VIXY,27.51,28.69,27.14,28.47,2455044.0
2026-02-24,VIXY,28.44,28.77,27.42,27.58,1506704.0
2026-02-25,VIXY,26.99,27.14,26.48,26.54,1399144.0
2026-02-26,VIXY,26.33,27.92,26.33,26.81,2602319.0
2026-02-27,VIXY,28.22,28.55,27.4,27.86,3153610.0
2026-03-02,VIXY,29.61,29.67,27.76,28.22,3420234.0
2026-03-03,VIXY,30.51,32.59,28.78,29.53,6361342.0
2026-03-04,VIXY,29.23,29.52,28.03,28.53,2609636.0
2026-03-05,VIXY,29.37,31.68,28.9,30.35,4557938.0
2026-03-06,VIXY,32.72,34.59,31.82,34.45,6739549.0
2026-03-09,VIXY,34.91,36.2,30.63,31.17,7813945.0
2026-03-10,VIXY,31.33,32.77,29.74,32.68,3903612.0
2026-03-11,VIXY,32.13,32.71,31.14,31.19,3287571.0
2026-03-12,VIXY,32.7,33.47,32.21,33.32,3480487.0
2026-03-13,VIXY,32.49,34.0,31.92,33.88,2565400.0
2026-03-16,VIXY,32.71,32.72,31.3,31.33,2856377.0
2026-03-17,VIXY,30.85,31.21,30.38,30.88,1973020.0
2026-03-18,VIXY,31.85,33.67,31.71,33.59,3837632.0
2026-03-19,VIXY,35.13,35.5,31.9,32.65,3488225.0
2026-03-20,VIXY,32.8,35.38,32.66,34.97,3341975.0
2026-03-23,VIXY,32.44,33.97,31.64,33.14,3706326.0
2026-03-24,VIXY,34.15,34.37,32.59,33.84,3321140.0
2026-03-25,VIXY,32.95,34.02,32.65,33.21,1954795.0
2026-03-26,VIXY,33.87,35.56,33.39,35.49,2204474.0
2026-03-27,VIXY,36.07,38.47,35.93,38.23,2605947.0
2026-03-30,VIXY,36.61,38.59,36.61,37.88,2251868.0
2026-03-31,VIXY,36.17,36.81,34.15,34.35,3552822.0
2026-04-01,VIXY,33.86,34.55,33.09,33.57,1589743.0
2026-04-02,VIXY,35.67,35.98,33.32,33.53,2422432.0
2026-04-06,VIXY,33.63,33.63,32.53,32.71,1392723.0
2026-04-07,VIXY,33.51,35.1,33.37,33.86,3384354.0
2026-04-08,VIXY,30.49,31.74,30.02,30.51,2134193.0
2026-04-09,VIXY,30.81,30.9,29.38,29.4,1652877.0
2026-04-10,VIXY,29.25,30.05,29.08,29.75,1995500.0
2026-04-13,VIXY,30.16,30.24,28.58,28.62,2009401.0
2026-04-14,VIXY,27.89,28.41,27.81,28.11,2009432.0
2026-04-15,VIXY,28.02,28.43,27.92,28.35,681716.0
2026-02-10,VNQ,92.76,94.11,92.74,93.88,3275688.0
2026-02-11,VNQ,94.07,94.2,93.22,93.36,3518050.0
2026-02-12,VNQ,94.47,95.15,93.1,93.25,6010510.0
2026-02-13,VNQ,93.55,94.93,93.3,94.59,3083923.0
2026-02-17,VNQ,94.94,95.56,94.38,95.49,2891749.0
2026-02-18,VNQ,95.23,95.36,94.15,94.37,3250234.0
2026-02-19,VNQ,94.26,94.81,93.79,94.17,2059158.0
2026-02-20,VNQ,94.29,94.89,94.11,94.88,2118995.0
2026-02-23,VNQ,94.75,95.64,94.55,94.89,2643217.0
2026-02-24,VNQ,94.65,95.25,94.48,95.13,2698500.0
2026-02-25,VNQ,95.03,95.32,94.42,94.87,2691526.0
2026-02-26,VNQ,95.33,95.68,94.92,95.52,2828753.0
2026-02-27,VNQ,95.2,96.23,95.17,95.69,3631655.0
2026-03-02,VNQ,94.9,96.2,94.62,95.93,4334999.0
2026-03-03,VNQ,94.38,95.75,93.68,95.42,3721920.0
2026-03-04,VNQ,95.2,95.63,94.53,95.54,3031734.0
2026-03-05,VNQ,94.57,94.84,93.88,94.58,3221767.0
2026-03-06,VNQ,93.78,93.82,93.07,93.55,3328730.0
2026-03-09,VNQ,92.68,94.08,91.55,93.76,3662743.0
2026-03-10,VNQ,93.49,94.46,93.03,93.62,3845118.0
2026-03-11,VNQ,93.09,93.27,92.39,92.65,3487729.0
2026-03-12,VNQ,91.86,92.7,91.65,92.01,2877935.0
2026-03-13,VNQ,93.08,93.31,92.05,92.16,2677416.0
2026-03-16,VNQ,93.11,93.66,92.81,92.93,2612152.0
2026-03-17,VNQ,93.55,94.04,93.27,93.34,2174051.0
2026-03-18,VNQ,92.97,93.04,91.91,91.96,2148791.0
2026-03-19,VNQ,91.58,92.08,91.08,91.59,3812059.0
2026-03-20,VNQ,91.64,91.64,88.33,88.75,4957517.0
2026-03-23,VNQ,89.89,90.62,89.4,89.44,4762899.0
2026-03-24,VNQ,87.97,88.78,87.65,87.91,2997565.0
2026-03-25,VNQ,88.34,88.57,87.43,87.84,3855654.0
2026-03-26,VNQ,87.66,88.5,87.3,87.72,4391295.0
2026-03-27,VNQ,87.53,87.99,86.84,87.0,3651734.0
2026-03-30,VNQ,87.91,88.52,87.03,87.33,4474068.0
2026-03-31,VNQ,88.41,89.43,87.65,88.7,3818890.0
2026-04-01,VNQ,88.7,89.36,88.55,89.02,3028404.0
2026-04-02,VNQ,88.88,90.33,88.44,90.23,2674500.0
2026-04-06,VNQ,89.96,90.62,89.72,90.36,1815078.0
2026-04-07,VNQ,90.07,90.81,89.66,90.49,2488057.0
2026-04-08,VNQ,91.9,92.22,91.54,92.12,4126713.0
2026-04-09,VNQ,91.72,93.57,91.67,92.78,3173576.0
2026-04-10,VNQ,92.79,93.28,92.57,92.98,2009462.0
2026-04-13,VNQ,92.7,93.38,92.36,93.33,1671451.0
2026-04-14,VNQ,93.2,94.32,93.04,94.22,1333015.0
2026-04-15,VNQ,93.97,94.19,93.67,93.86,795511.0
2026-02-10,VPU,189.78,193.0,189.11,191.63,182972.0
2026-02-11,VPU,192.44,193.32,191.41,193.23,243881.0
2026-02-12,VPU,193.89,197.95,193.82,196.13,249890.0
2026-02-13,VPU,195.94,201.63,195.82,201.32,328264.0
2026-02-17,VPU,202.34,203.5,200.32,200.87,247179.0
2026-02-18,VPU,200.89,201.18,197.17,197.39,194781.0
2026-02-19,VPU,198.11,199.7,198.01,199.51,106377.0
2026-02-20,VPU,200.24,200.86,198.41,200.31,86435.0
2026-02-23,VPU,200.56,202.92,200.38,201.69,173890.0
2026-02-24,VPU,201.64,203.89,200.0,203.79,189042.0
2026-02-25,VPU,203.97,204.81,201.24,204.55,206757.0
2026-02-26,VPU,203.97,204.66,202.65,203.78,151185.0
2026-02-27,VPU,203.61,206.1,203.5,205.87,227808.0
2026-03-02,VPU,204.43,205.95,204.35,204.47,299733.0
2026-03-03,VPU,201.34,204.72,198.45,203.22,308312.0
2026-03-04,VPU,203.28,204.74,201.93,204.13,218628.0
2026-03-05,VPU,202.86,202.86,200.7,202.48,244954.0
2026-03-06,VPU,201.22,202.54,199.98,201.6,161244.0
2026-03-09,VPU,200.8,202.56,198.7,202.12,167052.0
2026-03-10,VPU,201.01,202.95,200.66,200.84,205417.0
2026-03-11,VPU,200.64,200.64,198.55,199.3,122319.0
2026-03-12,VPU,198.4,202.87,198.4,200.63,163963.0
2026-03-13,VPU,202.07,203.93,202.07,202.59,179466.0
2026-03-16,VPU,204.38,204.79,202.55,203.71,264107.0
2026-03-17,VPU,204.79,205.25,202.99,203.11,197776.0
2026-03-18,VPU,202.8,203.16,201.48,201.48,264755.0
2026-03-19,VPU,200.88,202.14,198.69,200.77,231674.0
2026-03-20,VPU,200.42,201.08,191.87,192.75,387851.0
2026-03-23,VPU,195.01,196.56,193.73,194.78,373840.0
2026-03-24,VPU,192.7,196.7,192.14,194.89,311303.0
2026-03-25,VPU,196.3,197.11,195.38,195.48,228163.0
2026-03-26,VPU,195.34,196.55,194.51,195.92,314167.0
2026-03-27,VPU,196.07,198.88,195.78,196.88,251179.0
2026-03-30,VPU,198.87,199.86,197.5,198.11,232891.0
2026-03-31,VPU,197.79,198.14,195.44,198.14,331021.0
2026-04-01,VPU,197.75,199.76,197.61,198.97,253819.0
2026-04-02,VPU,198.52,200.99,198.48,200.14,166670.0
2026-04-06,VPU,199.4,200.68,199.19,199.4,120032.0
2026-04-07,VPU,198.88,200.57,198.88,199.98,88713.0
2026-04-08,VPU,200.39,202.09,198.84,202.09,116969.0
2026-04-09,VPU,201.69,205.85,201.69,203.63,132203.0
2026-04-10,VPU,202.94,204.89,202.47,202.89,98963.0
2026-04-13,VPU,202.22,202.55,199.29,200.25,143902.0
2026-04-14,VPU,200.47,201.25,198.49,200.91,243004.0
2026-04-15,VPU,200.41,200.41,198.6,199.73,39123.0
2026-02-10,VWO,58.02,58.15,57.83,58.01,9124585.0
2026-02-11,VWO,58.33,58.6,58.0,58.51,7708945.0
2026-02-12,VWO,58.61,58.61,57.65,57.76,9174720.0
2026-02-13,VWO,57.46,57.85,57.18,57.75,8764855.0
2026-02-17,VWO,57.52,57.88,57.15,57.79,8507418.0
2026-02-18,VWO,57.99,58.29,57.78,57.95,7760712.0
2026-02-19,VWO,57.47,57.6,57.24,57.59,6003435.0
2026-02-20,VWO,57.48,58.54,57.42,58.53,7297636.0
2026-02-23,VWO,58.35,58.53,57.95,58.06,7980551.0
2026-02-24,VWO,58.36,58.82,58.24,58.68,7782648.0
2026-02-25,VWO,59.09,59.09,58.74,59.01,6136731.0
2026-02-26,VWO,58.65,58.65,57.88,58.27,9652367.0
2026-02-27,VWO,57.92,58.22,57.83,58.1,9547335.0
2026-03-02,VWO,56.82,57.5,56.76,57.24,11794002.0
2026-03-03,VWO,54.88,55.48,53.94,55.23,30399209.0
2026-03-04,VWO,55.42,55.67,55.09,55.58,14024502.0
2026-03-05,VWO,54.94,55.35,54.24,54.85,13362110.0
2026-03-06,VWO,54.33,54.78,54.11,54.47,8900118.0
2026-03-09,VWO,53.97,55.34,53.65,55.13,19921410.0
2026-03-10,VWO,55.39,56.27,55.19,55.51,13256225.0
2026-03-11,VWO,55.52,55.81,55.27,55.56,11153192.0
2026-03-12,VWO,55.07,55.09,54.2,54.31,11749305.0
2026-03-13,VWO,54.69,54.96,53.88,54.02,12331299.0
2026-03-16,VWO,54.8,55.2,54.73,55.02,9990949.0
2026-03-17,VWO,55.43,55.48,55.1,55.26,5649338.0
2026-03-18,VWO,54.88,55.06,54.2,54.21,7243897.0
2026-03-19,VWO,53.29,54.25,53.15,54.01,16276050.0
2026-03-20,VWO,53.56,53.61,52.39,52.56,14581636.0
2026-03-23,VWO,53.41,54.27,53.25,53.8,18319015.0
2026-03-24,VWO,53.0,53.56,52.91,53.31,14559492.0
2026-03-25,VWO,54.36,54.6,54.06,54.34,8436401.0
2026-03-26,VWO,53.37,53.74,52.83,52.85,10512064.0
2026-03-27,VWO,52.7,52.95,52.39,52.49,12656738.0
2026-03-30,VWO,52.81,52.85,52.2,52.42,10378928.0
2026-03-31,VWO,52.67,54.1,52.67,54.05,13902860.0
2026-04-01,VWO,54.21,54.62,54.08,54.21,18283656.0
2026-04-02,VWO,53.17,54.15,53.05,53.82,7746808.0
2026-04-06,VWO,53.89,54.3,53.79,54.01,7198556.0
2026-04-07,VWO,53.92,54.11,53.4,54.09,6887367.0
2026-04-08,VWO,56.82,56.93,56.15,56.5,12774694.0
2026-04-09,VWO,56.12,56.62,55.89,56.44,5983756.0
2026-04-10,VWO,56.94,57.07,56.65,56.75,6444854.0
2026-04-13,VWO,56.45,57.23,56.45,57.18,5689416.0
2026-04-14,VWO,57.65,58.03,57.59,57.98,4236811.0
2026-04-15,VWO,57.97,58.18,57.8,58.12,2317664.0
