Date,Price,CVol,% Change,Open,Low,High,NAV,Total Return (Gross),% Return,Cumulative Return %
03/06/26,38.60,57220290,-4.43,39.11,38.38,39.19,38.56,38.60,-4.43,54.59
03/05/26,40.39,61402207,-2.53,41.14,40.04,41.31,40.34,40.39,-2.53,61.75
03/04/26,41.44,115483510,7.08,40.70,40.44,42.02,41.66,41.44,7.08,65.96
03/03/26,38.70,70667445,-1.26,38.03,37.50,39.14,38.75,38.70,-1.26,54.99
03/02/26,39.20,101283200,5.39,37.19,37.17,39.78,39.17,39.20,5.39,56.97
02/27/26,37.19,48597840,-2.80,37.50,36.91,37.63,37.17,37.19,-2.80,48.94
02/26/26,38.26,51941113,-2.47,38.62,37.71,38.72,38.31,38.26,-2.47,53.22
02/25/26,39.23,79921086,7.39,37.75,37.53,39.46,39.13,39.23,7.39,57.11
02/24/26,36.53,47064700,-0.05,35.72,35.60,36.71,36.54,36.53,-0.05,46.30
02/23/26,36.55,61935350,-4.87,37.47,36.20,37.56,36.39,36.55,-4.87,46.38
02/20/26,38.42,62397070,0.92,37.99,37.72,38.61,38.37,38.42,0.92,53.86
02/19/26,38.07,44587860,1.41,37.39,37.20,38.10,37.98,38.07,1.41,52.46
02/18/26,37.54,50091290,-2.21,38.00,37.30,38.75,37.59,37.54,-2.21,50.34
02/17/26,38.39,54882688,-1.49,38.55,37.74,38.69,38.36,38.39,-1.49,53.74
02/13/26,38.97,65553150,5.18,38.16,37.89,39.38,39.01,38.97,5.18,56.07
02/12/26,37.05,62511887,-3.24,38.52,36.88,38.72,37.16,37.05,-3.24,48.38
02/11/26,38.29,71103805,-1.74,38.56,37.25,38.69,38.23,38.29,-1.74,53.34
02/10/26,38.97,61505440,-2.84,39.23,38.49,39.70,39.02,38.97,-2.84,56.07
02/09/26,40.11,77526125,1.08,39.12,38.81,40.35,40.10,40.11,1.08,60.63
02/06/26,39.68,163384190,9.92,38.05,38.01,40.57,39.93,39.68,9.92,58.91
02/05/26,36.10,284371500,-13.16,39.70,35.30,40.15,36.23,36.10,-13.16,44.57
02/04/26,41.57,110932700,-4.00,42.64,40.80,42.89,41.68,41.57,-4.00,66.48
02/03/26,43.30,125821800,-2.08,44.46,41.30,44.46,42.88,43.30,-2.08,73.41
02/02/26,44.22,106528090,-6.89,44.25,43.98,45.01,44.37,44.22,-6.89,77.09
01/30/26,47.49,72346120,-0.23,46.97,46.37,47.97,47.51,47.49,-0.23,90.19
01/29/26,47.60,113944200,-5.76,49.70,47.12,49.80,47.58,47.60,-5.76,90.63
01/28/26,50.51,42931380,-0.24,50.99,50.34,51.31,50.64,50.51,-0.24,102.28
01/27/26,50.63,51840740,1.97,49.99,49.41,50.70,50.40,50.63,1.97,102.76
01/26/26,49.65,43973100,-2.07,49.69,49.32,50.35,49.77,49.65,-2.07,98.84
01/23/26,50.70,48026640,0.06,50.81,50.14,51.71,50.81,50.70,0.06,103.04
01/22/26,50.67,49100910,-0.86,50.76,50.12,50.98,50.80,50.67,-0.86,102.92
01/21/26,51.11,70127766,0.69,50.76,49.40,51.34,50.95,51.11,0.69,104.69
01/20/26,50.76,76481055,-6.42,51.54,50.55,51.78,50.78,50.76,-6.42,103.28
01/16/26,54.24,43292340,0.44,54.30,53.43,54.37,53.91,54.24,0.44,117.22
01/15/26,54.00,50521047,-2.60,54.91,53.93,55.05,54.07,54.00,-2.60,116.26
01/14/26,55.44,85891190,3.49,54.26,54.08,55.60,55.32,55.44,3.49,122.03
01/13/26,53.57,65696700,3.28,52.39,52.22,53.66,53.50,53.57,3.28,114.54
01/12/26,51.87,40729080,1.39,51.14,51.07,52.38,51.96,51.87,1.39,107.73
01/09/26,51.16,39688434,-0.70,51.35,50.89,52.18,51.21,51.16,-0.70,104.89
01/08/26,51.52,42787246,-0.04,50.76,50.56,51.84,51.42,51.52,-0.04,106.33
01/07/26,51.54,44366970,-1.73,51.86,51.37,52.23,51.57,51.54,-1.73,106.41
01/06/26,52.45,54907440,-1.89,53.54,51.72,53.55,52.44,52.45,-1.89,110.05
01/05/26,53.46,76547400,4.95,52.61,52.38,53.82,53.52,53.46,4.95,114.10
01/02/26,50.94,65968850,2.60,50.38,50.14,51.66,50.95,50.94,2.60,104.00
12/31/25,49.65,33834340,-0.36,50.43,49.40,50.43,49.52,49.65,-0.36,98.84
12/30/25,49.83,44071832,0.91,49.95,49.78,50.73,49.91,49.83,0.91,99.56
12/29/25,49.38,32269290,-0.46,49.63,49.31,49.99,49.47,49.38,-0.46,97.76
12/26/25,49.61,38333130,0.30,50.45,49.07,50.50,49.64,49.61,0.30,98.68
12/24/25,49.46,22759340,-0.38,49.46,48.96,49.70,49.66,49.46,-0.38,98.08
12/23/25,49.65,43757650,-0.88,49.68,49.07,50.09,49.79,49.65,-0.88,98.84
12/22/25,50.09,50019130,0.36,51.01,49.82,51.29,49.98,50.09,0.36,100.60
12/19/25,49.91,62739230,4.07,49.92,49.22,50.71,49.88,49.91,4.07,99.88
12/18/25,47.96,71534625,-1.54,50.20,47.87,50.69,48.18,47.96,-1.54,92.07
12/17/25,48.71,79012850,-2.01,49.77,48.36,51.27,48.76,48.71,-2.01,95.07
12/16/25,49.71,56074670,2.16,49.31,49.23,50.02,49.69,49.71,2.16,99.08
12/15/25,48.66,73130484,-4.96,50.72,48.28,51.00,48.70,48.66,-4.96,94.87
12/12/25,51.20,47356246,-1.73,52.31,50.76,52.62,51.13,51.20,-1.73,105.05
12/11/25,52.10,50372620,-0.74,51.16,50.65,52.12,51.83,52.10,-0.74,108.65
12/10/25,52.49,56217008,-0.68,52.19,51.96,53.66,53.01,52.49,-0.68,110.21
12/09/25,52.85,55905887,2.58,51.23,51.06,53.72,52.91,52.85,2.58,111.65
12/08/25,51.52,43121848,1.64,51.84,50.83,52.07,51.35,51.52,1.64,106.33
12/05/25,50.69,55578527,-3.47,51.35,50.04,51.94,50.77,50.69,-3.47,103.00
12/04/25,52.51,40571727,-0.44,52.67,51.58,52.93,52.30,52.51,-0.44,110.29
12/03/25,52.74,57151727,2.07,52.55,52.08,53.18,52.80,52.74,2.07,111.21
12/02/25,51.67,72757586,6.54,50.33,50.15,52.39,51.79,51.67,6.54,106.93
12/01/25,48.50,89232150,-5.92,48.94,47.55,49.21,48.47,48.50,-5.92,94.23
11/28/25,51.55,47334560,1.02,52.80,51.23,52.85,51.69,51.55,1.02,106.45
11/26/25,51.03,66507240,2.97,49.52,49.17,51.33,50.98,51.03,2.97,104.37
11/25/25,49.56,65052793,-2.00,49.48,48.84,50.00,49.41,49.56,-2.00,98.48
11/24/25,50.57,82759070,5.42,48.73,48.33,50.66,50.38,50.57,5.42,102.52
11/21/25,47.97,168213500,-2.02,47.49,46.68,48.57,47.66,47.97,-2.02,92.11
11/20/25,48.96,122462490,-3.49,51.86,48.74,51.97,49.10,48.96,-3.49,96.08
11/19/25,50.73,94744610,-3.67,51.71,50.20,52.44,50.51,50.73,-3.67,103.16
11/18/25,52.66,75629030,1.07,52.03,51.60,53.25,52.74,52.66,1.07,110.89
11/17/25,52.10,92045920,-2.57,53.39,51.70,54.45,51.99,52.10,-2.57,108.65
11/14/25,53.48,94217086,-3.80,54.09,53.38,55.29,53.85,53.48,-3.80,114.16
11/13/25,55.59,78277766,-3.47,58.12,55.48,58.70,55.79,55.59,-3.47,122.63
11/12/25,57.59,41656420,-1.30,59.47,57.17,59.56,57.63,57.59,-1.30,130.64
11/11/25,58.35,33993832,-3.06,59.33,58.25,59.41,58.39,58.35,-3.06,133.68
11/10/25,60.19,51036740,2.22,60.30,59.40,60.36,60.17,60.19,2.22,141.05
11/07/25,58.88,64022330,2.83,56.88,56.39,58.96,58.67,58.88,2.83,135.80
11/06/25,57.26,54876207,-2.82,58.40,56.90,58.41,57.37,57.26,-2.82,129.32
11/05/25,58.92,51487190,3.04,58.26,57.96,59.39,59.04,58.92,3.04,135.96
11/04/25,57.18,105318000,-5.53,58.88,56.49,59.49,56.98,57.18,-5.53,128.99
11/03/25,60.53,51820380,-2.84,61.02,59.75,61.39,60.56,60.53,-2.84,142.41
10/31/25,62.30,47300720,3.15,62.35,61.62,63.03,62.22,62.30,3.15,149.50
10/30/25,60.40,57355594,-3.75,61.53,60.28,61.59,60.60,60.40,-3.75,141.89
10/29/25,62.75,76944370,-2.70,64.49,62.00,64.51,62.91,62.75,-2.70,151.30
10/28/25,64.49,47609832,-1.21,65.35,64.41,65.97,64.78,64.49,-1.21,158.27
10/27/25,65.28,49298020,3.90,65.38,65.00,65.76,65.27,65.28,3.90,161.43
10/24/25,62.83,39980940,0.43,63.17,62.30,63.26,62.85,62.83,0.43,151.62
10/23/25,62.56,41591273,2.21,61.96,61.71,63.24,62.66,62.56,2.21,150.54
10/22/25,61.21,72451120,-3.59,61.42,60.96,61.98,61.36,61.21,-3.59,145.13
10/21/25,63.49,82011130,0.89,61.73,61.42,64.80,63.52,63.49,0.89,154.27
10/20/25,62.93,51770240,4.07,62.88,62.36,63.44,62.91,62.93,4.07,152.02
10/17/25,60.47,94055270,-1.56,59.89,59.31,61.03,60.50,60.47,-1.56,142.17
10/16/25,61.43,89080560,-2.75,63.10,61.02,63.30,61.37,61.43,-2.75,146.02
10/15/25,63.17,49569080,-1.16,63.29,62.49,63.77,63.20,63.17,-1.16,152.98
10/14/25,63.91,75710410,-2.89,62.91,62.37,64.53,64.14,63.91,-2.89,155.95
10/13/25,65.81,71877430,-0.59,64.96,64.62,65.88,65.61,65.81,-0.59,163.56
10/10/25,66.20,104949200,-3.70,69.32,65.80,69.66,66.26,66.20,-3.70,165.12
10/09/25,68.74,55757580,-1.88,70.15,67.95,70.16,68.67,68.74,-1.88,175.29
10/08/25,70.06,54245580,1.35,69.58,69.12,70.59,70.10,70.06,1.35,180.58
10/07/25,69.13,81680230,-3.03,70.97,68.53,71.00,68.97,69.13,-3.03,176.85
10/06/25,71.29,68777375,2.12,71.01,70.71,71.82,71.32,71.29,2.12,185.50
10/03/25,69.81,83244110,1.51,68.61,68.22,70.53,69.68,69.81,1.51,179.58
10/02/25,68.77,62252240,3.04,67.76,67.37,68.84,68.61,68.77,3.04,175.41
10/01/25,66.74,57783320,2.68,66.30,66.15,67.23,66.69,66.74,2.68,167.28
09/30/25,65.00,38099848,0.05,64.40,64.10,65.11,64.75,65.00,0.05,160.31
09/29/25,64.97,51102330,4.89,63.72,63.65,65.04,64.78,64.97,4.89,160.19
09/26/25,61.94,48826040,-0.26,62.01,61.67,62.65,62.09,61.94,-0.26,148.06
09/25/25,62.10,63817350,-3.60,63.38,61.58,63.43,62.26,62.10,-3.60,148.70
09/24/25,64.42,30977570,1.59,64.20,64.07,64.78,64.45,64.42,1.59,157.99
09/23/25,63.41,40144960,-0.38,64.16,63.33,64.39,63.45,63.41,-0.38,153.94
09/22/25,63.65,42504047,-2.63,64.18,63.58,64.46,63.82,63.65,-2.63,154.91
09/19/25,65.37,32989380,-2.07,66.01,65.34,66.20,65.46,65.37,-2.07,161.79
09/18/25,66.75,38481190,1.64,66.73,66.48,67.04,66.73,66.75,1.64,167.32
09/17/25,65.67,46293660,-1.05,66.03,65.10,66.19,65.67,65.67,-1.05,163.00
09/16/25,66.37,33920594,1.33,65.57,65.14,66.47,66.20,66.37,1.33,165.80
09/15/25,65.50,34018367,-1.33,65.36,64.93,65.66,65.46,65.50,-1.33,162.31
09/12/25,66.38,48551140,2.08,65.32,65.22,66.45,66.18,66.38,2.08,165.84
09/11/25,65.03,34658168,0.77,64.63,64.58,65.21,64.93,65.03,0.77,160.43
09/10/25,64.53,45182953,2.07,64.60,64.27,65.03,64.38,64.53,2.07,158.43
09/09/25,63.22,36145450,-0.75,64.10,62.87,64.19,63.17,63.22,-0.75,153.18
09/08/25,63.70,37129770,0.44,63.76,63.53,64.19,63.69,63.70,0.44,155.11
09/05/25,63.42,47921770,1.72,64.12,62.55,64.35,63.21,63.42,1.72,153.98
09/04/25,62.35,32780390,-2.23,62.93,62.06,63.01,62.42,62.35,-2.23,149.70
09/03/25,63.77,34218130,1.27,63.26,63.14,64.00,63.56,63.77,1.27,155.39
09/02/25,62.97,46457440,2.49,62.14,61.94,63.54,62.81,62.97,2.49,152.18
08/29/25,61.44,52646980,-3.37,62.78,61.31,62.83,61.57,61.44,-3.37,146.06
08/28/25,63.58,30895770,-0.11,64.22,63.56,64.38,63.72,63.58,-0.11,154.63
08/27/25,63.65,33800770,0.87,63.25,63.05,64.02,63.58,63.65,0.87,154.91
08/26/25,63.10,41469260,0.35,62.41,62.11,63.18,62.97,63.10,0.35,152.70
08/25/25,62.88,55863406,-5.09,63.45,62.76,64.20,63.38,62.88,-5.09,151.82
08/22/25,66.25,66739180,4.02,63.80,63.56,66.76,66.27,66.25,4.02,165.32
08/21/25,63.69,34187113,-1.86,64.35,63.54,64.77,63.74,63.69,-1.86,155.07
08/20/25,64.90,40798800,1.11,64.37,63.74,64.99,64.71,64.90,1.11,159.91
08/19/25,64.19,56556240,-2.82,65.74,63.90,65.81,64.24,64.19,-2.82,157.07
08/18/25,66.05,33918460,-0.59,65.72,65.18,66.35,66.08,66.05,-0.59,164.52
08/15/25,66.44,39585047,-0.88,67.31,66.34,67.36,66.51,66.44,-0.88,166.08
08/14/25,67.03,71199630,-4.02,67.21,66.55,67.88,67.15,67.03,-4.02,168.44
08/13/25,69.84,54824610,2.78,68.55,68.22,69.89,69.44,69.84,2.78,179.70
08/12/25,67.95,33721566,0.46,67.73,67.36,68.30,67.95,67.95,0.46,172.13
08/11/25,67.64,43158510,2.28,67.88,67.37,68.65,67.77,67.64,2.28,170.89
08/08/25,66.13,29121350,-1.05,66.38,65.82,66.72,66.17,66.13,-1.05,164.84
08/07/25,66.83,41363900,2.01,66.19,65.74,66.89,66.37,66.83,2.01,167.64
08/06/25,65.51,26866650,1.49,64.71,64.48,65.78,65.51,65.51,1.49,162.35
08/05/25,64.55,31327660,-1.00,64.86,63.93,65.12,64.51,64.55,-1.00,158.51
08/04/25,65.20,29985170,1.53,64.79,64.73,65.74,65.22,65.20,1.53,161.11
08/01/25,64.22,69829680,-3.17,65.65,64.14,65.74,64.44,64.22,-3.17,157.19
07/31/25,66.32,41463080,-0.08,67.12,66.29,67.58,66.51,66.32,-0.08,165.60
07/30/25,66.37,40903140,-0.51,66.78,65.72,67.53,66.10,66.37,-0.51,165.80
07/29/25,66.71,38407330,-0.58,67.61,66.37,67.67,66.76,66.71,-0.58,167.16
07/28/25,67.10,38747992,1.12,67.41,66.70,67.74,66.98,67.10,1.12,168.72
07/25/25,66.36,53995727,-1.92,66.09,65.35,66.57,66.31,66.36,-1.92,165.76
07/24/25,67.66,33249930,0.55,67.50,66.97,67.98,67.69,67.66,0.55,170.97
07/23/25,67.29,34878680,-0.78,67.11,66.66,67.51,67.25,67.29,-0.78,169.48
07/22/25,67.82,45383900,2.25,67.77,66.79,68.39,67.89,67.82,2.25,171.61
07/21/25,66.33,47080793,-0.52,67.21,66.23,67.81,66.51,66.33,-0.52,165.64
07/18/25,66.68,51010380,-1.43,67.54,66.55,67.84,66.77,66.68,-1.43,167.04
07/17/25,67.65,45310320,-0.27,67.04,66.82,68.22,67.94,67.65,-0.27,170.93
07/16/25,67.83,58926960,2.52,67.55,67.14,68.24,67.72,67.83,2.52,171.65
07/15/25,66.16,82079375,-2.96,66.93,65.77,67.40,66.30,66.16,-2.96,164.96
07/14/25,68.18,68391586,1.44,69.17,67.74,69.46,68.05,68.18,1.44,173.05
07/11/25,67.21,78031890,4.20,66.88,66.29,67.24,66.96,67.21,4.20,169.16
07/10/25,64.50,84144880,1.45,63.14,62.80,64.81,64.44,64.50,1.45,158.31
07/09/25,63.58,56974400,2.85,62.29,61.63,63.76,62.79,63.58,2.85,154.63
07/08/25,61.82,29471540,0.68,61.90,61.40,62.11,61.86,61.82,0.68,147.58
07/07/25,61.40,37793380,-1.27,61.63,61.04,61.78,61.43,61.40,-1.27,145.90
07/03/25,62.19,32662370,-0.37,62.21,62.02,62.94,62.37,62.19,-0.37,149.06
07/02/25,62.42,65900250,4.31,61.12,61.01,62.47,62.20,62.42,4.31,149.98
07/01/25,59.84,35575460,-2.24,60.58,59.83,60.93,59.98,59.84,-2.24,139.65
06/30/25,61.21,34173960,0.81,61.27,60.62,61.31,61.04,61.21,0.81,145.13
06/27/25,60.72,35637887,-0.69,60.69,60.47,61.25,60.70,60.72,-0.69,143.17
06/26/25,61.14,29434650,-0.22,60.93,60.57,61.28,61.09,61.14,-0.22,144.85
06/25/25,61.28,40812510,2.02,61.33,60.71,61.53,61.20,61.28,2.02,145.39
06/24/25,60.06,40387207,2.37,59.77,59.56,60.47,59.93,60.06,2.37,140.53
06/23/25,58.67,63747160,,57.48,56.63,58.76,58.49,58.67,,134.96
06/20/25,58.67,35261793,-0.51,60.27,58.15,60.33,58.64,58.67,-0.51,134.96
06/18/25,58.97,40166420,-0.89,59.07,58.82,59.90,59.10,58.97,-0.89,136.16
06/17/25,59.50,53900680,-3.72,60.02,58.69,60.13,59.63,59.50,-3.72,138.29
06/16/25,61.80,42415240,3.45,60.60,60.51,61.95,61.71,61.80,3.45,147.50
06/13/25,59.74,42127820,-1.58,59.62,59.17,60.30,59.75,59.74,-1.58,139.25
06/12/25,60.70,36713594,-1.84,60.70,60.52,61.65,61.09,60.70,-1.84,143.09
06/11/25,61.84,30336880,-0.72,62.40,61.60,62.79,61.80,61.84,-0.72,147.66
06/10/25,62.29,32894280,0.84,62.36,61.55,62.76,62.36,62.29,0.84,149.46
06/09/25,61.77,43950313,4.24,61.13,60.78,61.86,61.70,61.77,4.24,147.38
06/06/25,59.26,34477640,2.40,59.09,59.05,59.97,59.31,59.26,2.40,137.32
06/05/25,57.87,58411560,-2.97,60.15,57.70,60.16,58.11,57.87,-2.97,131.76
06/04/25,59.64,32365260,-1.26,59.66,59.16,60.00,59.65,59.64,-1.26,138.85
06/03/25,60.40,37381640,1.75,59.98,59.71,60.78,60.38,60.40,1.75,141.89
06/02/25,59.36,30733540,-0.17,59.07,58.88,59.56,59.29,59.36,-0.17,137.73
05/30/25,59.46,45680040,-0.88,60.05,58.86,60.26,59.50,59.46,-0.88,138.13
05/29/25,59.99,70525240,-1.32,61.58,59.90,61.61,60.14,59.99,-1.32,140.25
05/28/25,60.79,44241953,-2.74,61.84,60.76,62.03,61.04,60.79,-2.74,143.45
05/27/25,62.50,49538640,1.08,62.84,61.83,63.04,62.39,62.50,1.08,150.30
05/23/25,61.83,61971390,-2.21,61.81,61.43,62.61,61.89,61.83,-2.21,147.62
05/22/25,63.23,66549460,2.33,63.35,62.81,63.70,63.38,63.23,2.33,153.22
05/21/25,61.79,98801880,1.44,60.54,60.33,62.53,61.13,61.79,1.44,147.46
05/20/25,60.91,49771140,1.53,59.49,59.20,61.05,60.39,60.91,1.53,143.93
05/19/25,59.99,50625060,1.33,58.29,58.21,60.06,59.75,59.99,1.33,140.25
05/16/25,59.20,37353633,0.90,58.88,58.77,59.50,58.97,59.20,0.90,137.08
05/15/25,58.67,33563848,-0.12,58.28,57.62,59.26,58.53,58.67,-0.12,134.96
05/14/25,58.74,38499450,-1.48,59.18,58.32,59.35,58.81,58.74,-1.48,135.24
05/13/25,59.62,38312000,3.01,58.98,58.46,59.75,59.42,59.62,3.01,138.77
05/12/25,57.88,44350650,-1.33,59.18,57.23,59.48,57.84,57.88,-1.33,131.80
05/09/25,58.66,36503680,1.80,58.56,58.16,59.01,58.59,58.66,1.80,134.92
05/08/25,57.62,55449008,5.38,56.54,56.31,57.84,57.50,57.62,5.38,130.76
05/07/25,54.68,29902960,1.32,54.99,54.45,55.46,54.69,54.68,1.32,118.98
05/06/25,53.97,20578710,0.63,53.25,53.02,54.11,54.01,53.97,0.63,116.14
05/05/25,53.63,24957670,-2.83,53.52,53.18,53.97,53.76,53.63,-2.83,114.78
05/02/25,55.19,43449008,0.44,55.16,54.97,55.74,55.14,55.19,0.44,121.03
05/01/25,54.95,52802620,2.69,54.99,54.52,55.51,54.90,54.95,2.69,120.06
04/30/25,53.51,34189560,-1.31,53.75,52.76,53.77,53.40,53.51,-1.31,114.30
04/29/25,54.22,31214050,0.63,53.95,53.76,54.32,54.18,54.22,0.63,117.14
04/28/25,53.88,34157230,-0.72,54.09,53.12,54.17,53.82,53.88,-0.72,115.78
04/25/25,54.27,48230980,1.90,53.62,53.48,54.58,54.09,54.27,1.90,117.34
04/24/25,53.26,28476590,0.11,52.75,52.65,53.31,53.14,53.26,0.11,113.30
04/23/25,53.20,60960490,2.15,53.46,52.27,53.84,53.07,53.20,2.15,113.06
04/22/25,52.08,83738110,4.75,51.00,50.88,52.27,52.01,52.08,4.75,108.57
04/21/25,49.72,57126887,3.03,49.63,49.10,50.42,49.55,49.72,3.03,99.12
04/17/25,48.26,23963580,0.63,48.15,47.62,48.65,48.19,48.26,0.63,93.27
04/16/25,47.96,27463000,0.46,47.59,47.36,48.64,47.78,47.96,0.46,92.07
04/15/25,47.74,24001680,-1.12,48.80,47.68,49.19,47.77,47.74,-1.12,91.19
04/14/25,48.28,32514400,1.28,48.29,47.55,48.81,48.31,48.28,1.28,93.35
04/11/25,47.67,54223510,5.53,46.63,46.18,47.89,47.61,47.67,5.53,90.91
04/10/25,45.17,45745680,-3.54,46.41,44.51,46.49,45.19,45.17,-3.54,80.90
04/09/25,46.83,85507940,7.43,43.58,43.53,47.19,46.73,46.83,7.43,87.55
04/08/25,43.59,50053350,-1.54,45.54,43.26,45.65,43.60,43.59,-1.54,74.57
04/07/25,44.27,107582090,-7.21,43.68,42.98,46.16,44.54,44.27,-7.21,77.29
04/04/25,47.71,68668830,2.45,46.94,46.43,48.11,47.79,47.71,2.45,91.07
04/03/25,46.57,40676000,-5.75,46.59,46.11,47.04,46.61,46.57,-5.75,86.50
04/02/25,49.41,38654710,2.30,48.13,48.04,49.72,49.10,49.41,2.30,97.88
04/01/25,48.30,30139680,3.18,47.53,46.84,48.65,48.32,48.30,3.18,93.43
03/31/25,46.81,24010790,-1.58,46.88,46.34,47.69,47.16,46.81,-1.58,87.46
03/28/25,47.56,37749360,-3.80,48.47,47.43,48.64,47.56,47.56,-3.80,90.47
03/27/25,49.44,33003960,0.53,49.08,48.80,49.81,49.59,49.44,0.53,98.00
03/26/25,49.18,28947990,-1.91,49.75,48.77,50.02,49.04,49.18,-1.91,96.96
03/25/25,50.14,21846270,-0.08,49.86,49.50,50.25,50.04,50.14,-0.08,100.80
03/24/25,50.18,29833260,5.20,49.64,49.59,50.50,50.19,50.18,5.20,100.96
03/21/25,47.70,18141540,-0.31,47.56,47.25,47.99,47.72,47.70,-0.31,91.03
03/20/25,47.85,30509050,-1.56,48.39,47.49,49.23,47.82,47.85,-1.56,91.63
03/19/25,48.61,40812832,3.85,47.74,47.54,48.94,48.54,48.61,3.85,94.67
03/18/25,46.81,33645550,-2.60,46.83,46.09,46.92,46.61,46.81,-2.60,87.46
03/17/25,48.06,28998280,-0.17,47.16,46.87,48.24,48.03,48.06,-0.17,92.47
03/14/25,48.14,43770200,5.76,47.39,46.99,48.56,48.12,48.14,5.76,92.79
03/13/25,45.52,42870380,-3.46,47.13,45.38,47.28,45.75,45.52,-3.46,82.30
03/12/25,47.15,32196180,-0.19,47.38,45.80,47.65,47.05,47.15,-0.19,88.83
03/11/25,47.24,48562700,5.19,46.30,44.89,47.55,47.27,47.24,5.19,89.19
03/10/25,44.91,85278750,-9.14,46.99,43.95,47.12,44.62,44.91,-9.14,79.86
03/07/25,49.43,59351100,-2.39,50.67,49.13,51.82,49.81,49.43,-2.39,97.96
03/06/25,50.64,50275047,-1.56,51.16,49.88,52.02,50.58,50.64,-1.56,102.80
03/05/25,51.44,49050727,4.15,51.01,49.76,51.50,51.22,51.44,4.15,106.01
03/04/25,49.39,72360150,1.00,47.03,46.28,50.56,50.04,49.39,1.00,97.80
03/03/25,48.90,92274125,2.09,52.97,48.36,53.04,48.73,48.90,2.09,95.84
02/28/25,47.90,59648320,1.16,46.54,46.07,48.44,47.77,47.90,1.16,91.83
02/27/25,47.35,43346480,-1.27,49.01,46.90,49.09,47.25,47.35,-1.27,89.63
02/26/25,47.96,86382555,-4.14,48.71,46.69,50.23,47.51,47.96,-4.14,92.07
02/25/25,50.03,103835200,-6.33,50.66,48.67,50.66,50.11,50.03,-6.33,100.36
02/24/25,53.41,38111610,-0.95,54.23,53.19,54.47,53.58,53.41,-0.95,113.90
02/21/25,53.92,48588620,-3.78,56.39,53.79,56.55,54.10,53.92,-3.78,115.94
02/20/25,56.04,25814890,2.54,55.63,55.01,56.20,56.02,56.04,2.54,124.43
02/19/25,54.65,29062140,2.13,54.83,54.22,55.00,54.75,54.65,2.13,118.86
02/18/25,53.51,38190450,-3.29,54.90,53.03,54.99,53.47,53.51,-3.29,114.30
02/14/25,55.33,27505400,1.08,54.94,54.75,56.36,55.64,55.33,1.08,121.59
02/13/25,54.74,24211240,-0.76,54.57,54.12,54.88,54.61,54.74,-0.76,119.22
02/12/25,55.16,34445190,1.94,53.83,53.70,55.56,55.27,55.16,1.94,120.91
02/11/25,54.11,27542730,-2.29,55.11,53.87,55.36,54.09,54.11,-2.29,116.70
02/10/25,55.38,21331760,1.67,55.61,55.08,55.77,55.36,55.38,1.67,121.79
02/07/25,54.47,41477246,-1.18,56.74,54.36,57.05,54.68,54.47,-1.18,118.14
02/06/25,55.12,28324400,-0.38,55.93,54.41,56.32,54.86,55.12,-0.38,120.74
02/05/25,55.33,24705050,-1.43,56.21,54.87,56.47,55.44,55.33,-1.43,121.59
02/04/25,56.13,48597670,-2.52,56.51,55.73,57.43,56.09,56.13,-2.52,124.79
02/03/25,57.58,73864875,-0.23,53.97,53.69,58.14,57.82,57.58,-0.23,130.60
01/31/25,57.71,41862070,-3.37,59.61,57.65,60.40,57.93,57.71,-3.37,131.12
01/30/25,59.72,33479300,0.64,59.73,59.60,60.67,59.98,59.72,0.64,139.17
01/29/25,59.34,38059400,3.06,58.12,57.66,59.67,59.11,59.34,3.06,137.65
01/28/25,57.58,30257020,-0.16,58.34,57.55,59.06,57.96,57.58,-0.16,130.60
01/27/25,57.67,61243060,-3.40,57.32,56.15,58.20,57.09,57.67,-3.40,130.96
01/24/25,59.70,46082300,1.55,59.92,59.56,61.06,59.88,59.70,1.55,139.09
01/23/25,58.79,118197600,-0.99,58.23,58.16,60.82,59.48,58.79,-0.99,135.44
01/22/25,59.38,37667940,-1.72,59.55,58.76,59.86,59.36,59.38,-1.72,137.81
01/21/25,60.42,63410700,1.34,59.87,58.41,61.08,60.61,60.42,1.34,141.97
01/17/25,59.62,70766120,4.43,58.52,58.26,60.41,59.86,59.62,4.43,138.77
01/16/25,57.09,35548008,0.79,56.53,55.30,57.29,57.13,57.09,0.79,128.63
01/15/25,56.64,42124740,3.30,56.14,53.97,57.35,56.89,56.64,3.30,126.83
01/14/25,54.83,30772840,3.03,55.04,54.18,55.33,54.87,54.83,3.03,119.58
01/13/25,53.22,44866490,-1.15,51.65,50.69,53.33,52.62,53.22,-1.15,113.14
01/10/25,53.84,43996090,0.94,53.70,52.39,54.55,53.99,53.84,0.94,115.62
01/08/25,53.34,47070970,-2.65,54.27,52.51,54.61,53.47,53.34,-2.65,113.62
01/07/25,54.79,57081840,-5.81,57.31,54.58,57.38,54.79,54.79,-5.81,119.42
01/06/25,58.17,47318390,3.95,56.37,56.24,58.46,58.08,58.17,3.95,132.96
01/03/25,55.96,32839480,1.07,55.23,54.97,56.41,56.00,55.96,1.07,124.11
01/02/25,55.37,41029152,4.37,54.90,54.59,55.73,55.44,55.37,4.37,121.75
12/31/24,53.05,30143610,-0.93,54.48,52.90,54.73,53.30,53.05,-0.93,112.45
12/30/24,53.55,39339960,-0.24,52.80,51.77,53.94,53.71,53.55,-0.24,114.46
12/27/24,53.68,35983040,-1.14,54.78,52.96,54.82,53.67,53.68,-1.14,114.98
12/26/24,54.30,26750360,-3.43,54.42,54.06,54.96,54.33,54.30,-3.43,117.46
12/24/24,56.23,27692660,6.36,55.06,54.88,56.41,55.50,56.23,6.36,125.19
12/23/24,52.87,44528520,-3.54,54.27,52.50,54.34,52.76,52.87,-3.54,111.73
12/20/24,54.81,55327880,0.16,54.08,53.93,55.66,55.08,54.81,0.16,119.50
12/19/24,54.72,79563950,-4.30,58.20,54.28,58.48,54.87,54.72,-4.30,119.14
12/18/24,57.18,69862680,-5.85,59.56,56.82,59.79,57.63,57.18,-5.85,128.99
12/17/24,60.73,49617650,0.85,61.37,60.15,61.75,60.57,60.73,0.85,143.21
12/16/24,60.22,63994130,3.99,59.43,59.38,61.47,60.43,60.22,3.99,141.17
12/13/24,57.91,37881688,1.74,57.20,56.73,58.09,57.80,57.91,1.74,131.92
12/12/24,56.92,38811350,-1.39,57.77,56.47,58.45,56.79,56.92,-1.39,127.95
12/11/24,57.72,48872594,5.14,56.19,56.04,57.98,57.71,57.72,5.14,131.16
12/10/24,54.90,48810000,0.31,55.80,53.62,56.00,54.75,54.90,0.31,119.86
12/09/24,54.73,55677610,-5.31,56.41,54.64,57.25,55.04,54.73,-5.31,119.18
12/06/24,57.80,50016992,2.48,56.60,56.18,58.21,57.89,57.80,2.48,131.48
12/05/24,56.40,89447620,-0.04,58.60,55.70,59.16,56.16,56.40,-0.04,125.87
12/04/24,56.42,58655320,3.60,54.61,53.90,56.61,56.05,56.42,3.60,125.95
12/03/24,54.46,39000440,-0.04,53.62,53.28,54.94,54.33,54.46,-0.04,118.10
12/02/24,54.48,52619440,-1.32,54.66,53.75,55.55,54.57,54.48,-1.32,118.18
11/29/24,55.21,30337330,0.33,55.48,55.21,56.36,55.44,55.21,0.33,121.11
11/27/24,55.03,61783540,6.44,53.83,53.66,55.49,55.14,55.03,6.44,120.38
11/26/24,51.70,67423310,-4.29,52.44,51.54,54.00,51.94,51.70,-4.29,107.05
11/25/24,54.02,69396710,-4.37,55.41,53.67,55.49,53.99,54.02,-4.37,116.34
11/22/24,56.49,66020370,1.06,55.64,55.31,56.86,56.52,56.49,1.06,126.23
11/21/24,55.90,93957590,4.06,55.41,54.41,56.51,55.92,55.90,4.06,123.87
11/20/24,53.72,70154550,1.94,53.88,53.06,54.17,53.64,53.72,1.94,115.14
11/19/24,52.70,80884030,1.09,52.16,51.91,53.66,52.97,52.70,1.09,111.05
11/18/24,52.13,61429320,,51.50,51.04,52.81,51.93,52.13,,108.77
11/15/24,52.13,46939434,4.83,50.84,49.93,52.17,51.77,52.13,4.83,108.77
11/14/24,49.73,60782760,-2.57,51.99,49.70,52.30,50.21,49.73,-2.57,99.16
11/13/24,51.04,103319300,-0.02,51.24,50.86,53.26,51.52,51.04,-0.02,104.41
11/12/24,51.05,77294945,2.99,49.02,48.52,51.26,50.93,51.05,2.99,104.45
11/11/24,49.57,96319195,13.46,46.66,46.53,49.89,49.51,49.57,13.46,98.52
11/08/24,43.69,44183720,0.21,43.44,43.10,44.09,43.67,43.69,0.21,74.97
11/07/24,43.60,40670190,0.46,42.71,42.47,43.84,43.61,43.60,0.46,74.61
11/06/24,43.40,97138120,9.85,42.32,41.86,43.63,43.19,43.40,9.85,73.81
11/05/24,39.51,36660440,3.29,39.43,39.11,40.13,39.49,39.51,3.29,58.23
11/04/24,38.25,36048940,-2.84,39.03,38.17,39.12,38.42,38.25,-2.84,53.18
11/01/24,39.37,49930220,-1.03,39.93,39.10,40.80,39.28,39.37,-1.03,57.67
10/31/24,39.78,48039770,-2.69,40.98,39.73,41.01,40.05,39.78,-2.69,59.31
10/30/24,40.88,32004730,-1.09,40.88,40.62,41.28,40.90,40.88,-1.09,63.72
10/29/24,41.33,81566350,4.18,40.56,40.36,41.96,41.53,41.33,4.18,65.52
10/28/24,39.67,54652313,4.37,39.25,38.95,39.84,39.60,39.67,4.37,58.87
10/25/24,38.01,51745566,-2.21,38.72,37.47,39.20,38.02,38.01,-2.21,52.22
10/24/24,38.87,27015530,2.80,38.47,38.30,38.92,38.68,38.87,2.80,55.67
10/23/24,37.81,25771160,-1.56,37.86,37.09,38.08,37.62,37.81,-1.56,51.42
10/22/24,38.41,23972920,-0.41,38.18,37.89,38.55,38.38,38.41,-0.41,53.82
10/21/24,38.57,28773410,-1.28,38.64,38.02,38.67,38.44,38.57,-1.28,54.47
10/18/24,39.07,39820520,2.68,38.61,38.56,39.37,39.12,39.07,2.68,56.47
10/17/24,38.05,19655520,-1.37,38.16,37.94,38.54,38.05,38.05,-1.37,52.38
10/16/24,38.58,26627480,1.07,38.66,38.24,38.93,38.57,38.58,1.07,54.51
10/15/24,38.17,53538980,1.60,37.53,36.88,38.75,38.00,38.17,1.60,52.86
10/14/24,37.57,44553140,4.54,36.87,36.82,37.82,37.51,37.57,4.54,50.46
10/11/24,35.94,33399380,5.86,34.94,34.94,36.15,35.87,35.94,5.86,43.93
10/10/24,33.95,25996470,-2.10,34.76,33.47,34.76,33.84,33.95,-2.10,35.96
10/09/24,34.68,18243990,-2.03,35.21,34.56,35.50,34.71,34.68,-2.03,38.89
10/08/24,35.40,25203180,-1.83,35.63,35.16,35.99,35.33,35.40,-1.83,41.77
10/07/24,36.06,21124070,1.52,35.91,35.69,36.73,35.99,36.06,1.52,44.41
10/04/24,35.52,22721190,2.30,35.04,34.58,35.60,35.47,35.52,2.30,42.25
10/03/24,34.72,18482530,1.40,34.40,34.06,34.75,34.58,34.72,1.40,39.05
10/02/24,34.24,29353610,-2.53,34.63,34.14,35.51,34.34,34.24,-2.53,37.12
10/01/24,35.13,43920510,-2.77,36.07,34.69,36.10,35.20,35.13,-2.77,40.69
09/30/24,36.13,23623980,-3.37,36.42,35.86,36.49,36.08,36.13,-3.37,44.69
09/27/24,37.39,28884550,1.49,37.42,37.25,37.94,37.44,37.39,1.49,49.74
09/26/24,36.84,41457113,2.42,36.66,36.52,37.53,37.05,36.84,2.42,47.54
09/25/24,35.97,13547130,-1.83,36.15,35.83,36.45,36.01,35.97,-1.83,44.05
09/24/24,36.64,19764100,1.66,36.14,35.69,36.69,36.36,36.64,1.66,46.74
09/23/24,36.04,17294800,0.67,36.06,35.89,36.36,36.07,36.04,0.67,44.33
09/20/24,35.80,15938420,-0.58,35.85,35.52,36.20,35.80,35.80,-0.58,43.37
09/19/24,36.01,25199430,5.45,36.03,35.67,36.40,36.08,36.01,5.45,44.21
09/18/24,34.15,28844920,0.15,34.08,33.66,34.93,34.35,34.15,0.15,36.76
09/17/24,34.10,39849910,3.40,33.76,33.52,34.97,34.32,34.10,3.40,36.56
09/16/24,32.98,20931180,-3.11,33.31,32.69,33.33,32.96,32.98,-3.11,32.08
09/13/24,34.04,33125000,2.38,32.88,32.80,34.23,34.07,34.04,2.38,36.32
09/12/24,33.25,15890670,1.37,32.87,32.61,33.35,33.17,33.25,1.37,33.16
09/11/24,32.80,20530580,-0.61,32.33,31.58,33.02,32.74,32.80,-0.61,31.36
09/10/24,33.00,12648720,1.51,32.41,32.15,33.06,32.83,33.00,1.51,32.16
09/09/24,32.51,24533690,6.91,31.52,31.17,32.58,32.34,32.51,6.91,30.20
09/06/24,30.41,40486810,-4.52,32.29,30.24,32.38,30.48,30.41,-4.52,21.79
09/05/24,31.85,20575410,-3.60,32.23,31.71,32.60,31.97,31.85,-3.60,27.55
09/04/24,33.04,19751860,0.18,32.10,31.92,33.31,32.93,33.04,0.18,32.32
09/03/24,32.98,23729710,-1.17,33.64,32.70,33.65,33.00,32.98,-1.17,32.08
08/30/24,33.37,22832260,-0.95,33.90,32.84,34.07,33.54,33.37,-0.95,33.64
08/29/24,33.69,22692500,0.51,34.30,33.52,34.83,33.78,33.69,0.51,34.92
08/28/24,33.52,36007390,-5.26,34.10,32.93,34.20,33.76,33.52,-5.26,34.24
08/27/24,35.38,19488630,-1.97,35.56,34.99,35.59,35.32,35.38,-1.97,41.69
08/26/24,36.09,19479650,-0.52,36.34,35.92,36.42,36.14,36.09,-0.52,44.53
08/23/24,36.28,51673290,5.62,34.81,34.64,36.44,36.18,36.28,5.62,45.29
08/22/24,34.35,15825090,-2.22,34.66,34.24,34.74,34.31,34.35,-2.22,37.57
08/21/24,35.13,22993900,3.57,33.88,33.53,35.15,34.80,35.13,3.57,40.69
08/20/24,33.92,21676590,0.89,34.52,33.35,34.77,33.80,33.92,0.89,35.84
08/19/24,33.62,13480150,-1.20,33.47,33.10,33.80,33.58,33.62,-1.20,34.64
08/16/24,34.03,22686480,4.71,33.36,32.85,34.14,33.98,34.03,4.71,36.28
08/15/24,32.50,29136120,-3.16,33.72,32.29,34.12,32.56,32.50,-3.16,30.16
08/14/24,33.56,19032540,-3.12,34.64,33.43,34.74,33.54,33.56,-3.12,34.40
08/13/24,34.64,20186030,2.97,33.57,33.54,35.13,34.55,34.64,2.97,38.73
08/12/24,33.64,20819160,-2.77,33.93,32.95,34.60,33.61,33.64,-2.77,34.72
08/09/24,34.60,18872720,2.13,34.41,33.93,34.84,34.45,34.60,2.13,38.57
08/08/24,33.88,32889360,8.62,32.91,32.30,34.14,33.97,33.88,8.62,35.68
08/07/24,31.19,24351450,-3.56,32.65,31.12,32.79,31.26,31.19,-3.56,24.91
08/06/24,32.34,39663760,6.10,31.43,31.00,32.54,32.26,32.34,6.10,29.52
08/05/24,30.48,97633010,-14.41,28.35,28.23,31.66,30.24,30.48,-14.41,22.07
08/02/24,35.61,35706120,-1.28,36.93,35.49,37.32,35.68,35.61,-1.28,42.61
08/01/24,36.07,37068047,-2.99,36.80,35.43,36.98,35.98,36.07,-2.99,44.45
07/31/24,37.18,20532970,-0.99,37.87,37.00,38.09,37.48,37.18,-0.99,48.90
07/30/24,37.55,19556050,-2.06,37.98,37.32,38.14,37.43,37.55,-2.06,50.38
07/29/24,38.34,38158740,-1.16,39.73,37.83,39.75,38.36,38.34,-1.16,53.54
07/26/24,38.79,28993200,5.32,38.46,38.13,38.89,38.60,38.79,5.32,55.35
07/25/24,36.83,21928800,-1.58,36.62,36.09,37.15,36.85,36.83,-1.58,47.50
07/24/24,37.42,23403030,0.21,37.99,37.36,38.28,37.50,37.42,0.21,49.86
07/23/24,37.34,35482190,-4.08,37.95,37.27,38.40,37.47,37.34,-4.08,49.54
07/22/24,38.93,24116200,1.38,38.56,37.95,38.96,38.61,38.93,1.38,55.91
07/19/24,38.40,46756060,6.02,36.56,36.50,38.53,38.22,38.40,6.02,53.78
07/18/24,36.22,22725780,-1.68,37.00,36.03,37.07,36.15,36.22,-1.68,45.05
07/17/24,36.84,32704070,-0.89,36.87,36.39,37.30,36.79,36.84,-0.89,47.54
07/16/24,37.17,27810530,2.82,36.43,35.97,37.22,36.96,37.17,2.82,48.86
07/15/24,36.15,34245887,10.05,35.79,35.61,36.47,36.19,36.15,10.05,44.77
07/12/24,32.85,16920990,0.46,32.80,32.77,33.41,32.98,32.85,0.46,31.56
07/11/24,32.70,21952220,0.09,33.52,32.57,33.64,32.77,32.70,0.09,30.96
07/10/24,32.67,17248800,-0.88,33.06,32.67,33.09,32.71,32.67,-0.88,30.84
07/09/24,32.96,18029700,2.49,32.62,32.44,33.24,32.89,32.96,2.49,32.00
07/08/24,32.16,28999050,-0.12,32.60,31.34,32.72,32.06,32.16,-0.12,28.79
07/05/24,32.20,47018320,-6.50,31.68,31.57,32.54,32.18,32.20,-6.50,28.95
07/03/24,34.44,12793340,-2.21,34.35,34.11,34.60,34.10,34.44,-2.21,37.93
07/02/24,35.22,13772240,-2.17,35.82,35.15,35.98,35.29,35.22,-2.17,41.05
07/01/24,36.00,18509920,5.45,35.82,35.58,36.41,36.04,36.00,5.45,44.17
06/28/24,34.14,18313090,-2.40,35.03,34.10,35.23,34.34,34.14,-2.40,36.72
06/27/24,34.98,14788760,0.78,35.08,34.94,35.56,35.00,34.98,0.78,40.09
06/26/24,34.71,13026590,-1.67,35.03,34.56,35.33,34.62,34.71,-1.67,39.01
06/25/24,35.30,31346230,4.55,34.89,34.73,35.57,35.27,35.30,4.55,41.37
06/24/24,33.77,46597008,-7.70,34.87,33.58,35.14,34.13,33.77,-7.70,35.22
06/21/24,36.58,21001030,-1.24,36.21,36.06,36.68,36.46,36.58,-1.24,46.50
06/20/24,37.04,15271090,1.09,37.22,36.73,37.31,36.98,37.04,1.09,48.34
06/18/24,36.64,25778220,-3.53,36.95,36.44,37.23,36.66,36.64,-3.53,46.74
06/17/24,37.98,17785640,1.82,37.39,37.02,38.34,38.01,37.98,1.82,52.10
06/14/24,37.30,22309010,-1.58,38.36,37.03,38.39,37.25,37.30,-1.58,49.38
06/13/24,37.90,24858540,-1.43,38.78,37.68,38.94,37.97,37.90,-1.43,51.78
06/12/24,38.45,27518620,0.05,39.49,38.30,39.96,38.95,38.45,0.05,53.98
06/11/24,38.43,29402910,-2.93,38.29,37.62,38.54,38.30,38.43,-2.93,53.90
06/10/24,39.59,15895680,0.43,39.47,39.40,40.02,39.65,39.59,0.43,58.55
06/07/24,39.42,35710320,-1.84,40.69,38.89,40.89,39.33,39.42,-1.84,57.87
06/06/24,40.16,20192980,-1.25,40.58,40.14,40.89,40.32,40.16,-1.25,60.83
06/05/24,40.67,30997620,1.24,40.58,40.11,41.00,40.48,40.67,1.24,62.88
06/04/24,40.17,40569473,1.85,39.59,39.47,40.59,40.12,40.17,1.85,60.87
06/03/24,39.44,27654000,2.31,39.78,39.09,40.12,39.35,39.44,2.31,57.95
05/31/24,38.55,23144670,-1.56,39.17,37.92,39.23,38.43,38.55,-1.56,54.39
05/30/24,39.16,26021380,2.19,38.88,38.79,39.69,39.26,39.16,2.19,56.83
05/29/24,38.32,14675490,-1.69,38.66,38.24,38.74,38.38,38.32,-1.69,53.46
05/28/24,38.98,19703170,-1.22,38.98,38.31,39.10,38.83,38.98,-1.22,56.11
05/24/24,39.46,19910860,3.11,38.43,38.16,39.59,39.25,39.46,3.11,58.03
05/23/24,38.27,23933850,-3.63,39.51,38.01,39.58,38.34,38.27,-3.63,53.26
05/22/24,39.71,20566820,0.61,39.77,39.45,40.33,39.63,39.71,0.61,59.03
05/21/24,39.47,29875160,-1.25,40.47,39.41,40.67,39.62,39.47,-1.25,58.07
05/20/24,39.97,32788580,4.41,38.21,38.07,40.05,39.49,39.97,4.41,60.07
05/17/24,38.28,25516870,3.04,37.84,37.54,38.54,38.08,38.28,3.04,53.30
05/16/24,37.15,22092080,-1.38,37.64,36.82,37.91,37.18,37.15,-1.38,48.78
05/15/24,37.67,40518600,7.41,36.67,36.46,37.93,37.54,37.67,7.41,50.86
05/14/24,35.07,13742750,-2.58,35.34,34.80,35.50,35.02,35.07,-2.58,40.45
05/13/24,36.00,17204940,4.11,35.78,35.65,36.19,35.87,36.00,4.11,44.17
05/10/24,34.58,28986040,-2.81,35.80,34.26,36.00,34.55,34.58,-2.81,38.49
05/09/24,35.58,16930090,0.57,34.94,34.66,35.75,35.49,35.58,0.57,42.49
05/08/24,35.38,14277710,-1.53,35.34,35.17,35.79,35.46,35.38,-1.53,41.69
05/07/24,35.93,14753250,-0.22,36.21,35.78,36.69,35.95,35.93,-0.22,43.89
05/06/24,36.01,27166560,1.72,36.24,35.74,36.61,35.91,36.01,1.72,44.21
05/03/24,35.40,26368310,4.73,34.90,34.86,35.50,35.18,35.40,4.73,41.77
05/02/24,33.80,23146270,4.35,33.45,33.16,33.97,33.70,33.80,4.35,35.36
05/01/24,32.39,45405580,-3.52,32.82,32.20,33.83,32.97,32.39,-3.52,29.72
04/30/24,33.57,41584273,-6.41,34.81,33.54,35.01,34.14,33.57,-6.41,34.44
04/29/24,35.87,21694920,-1.24,35.59,35.14,36.00,35.71,35.87,-1.24,43.65
04/26/24,36.32,20226050,-1.47,36.35,36.06,36.92,36.39,36.32,-1.47,45.45
04/25/24,36.86,25317120,1.24,35.94,35.79,36.99,36.81,36.86,1.24,47.62
04/24/24,36.41,32177990,-3.93,37.63,36.29,37.83,36.57,36.41,-3.93,45.81
04/23/24,37.90,17572330,-0.08,37.71,37.69,38.31,37.92,37.90,-0.08,51.78
04/22/24,37.93,29881140,3.44,37.67,37.45,38.15,37.80,37.93,3.44,51.90
04/19/24,36.67,34806727,1.27,36.95,36.24,37.15,36.59,36.67,1.27,46.86
04/18/24,36.21,35544168,4.17,35.58,35.28,36.61,36.08,36.21,4.17,45.01
04/17/24,34.76,52597860,-2.77,35.57,33.99,35.92,34.79,34.76,-2.77,39.21
04/16/24,35.75,35341660,-0.91,36.04,35.16,36.13,35.81,35.75,-0.91,43.17
04/15/24,36.08,46360330,-5.40,37.78,35.54,37.95,35.98,36.08,-5.40,44.49
04/12/24,38.14,57221420,-5.05,40.00,37.17,40.10,38.06,38.14,-5.05,52.74
04/11/24,40.17,27725540,0.43,40.35,39.66,40.45,40.02,40.17,0.43,60.87
04/10/24,40.00,38908020,1.70,38.58,38.46,40.00,39.61,40.00,1.70,60.19
04/09/24,39.33,35513700,-3.96,40.29,38.90,40.50,39.23,39.33,-3.96,57.51
04/08/24,40.95,40056688,6.61,41.15,40.61,41.20,40.90,40.95,6.61,64.00
04/05/24,38.41,28670520,-1.71,38.16,38.11,39.16,38.60,38.41,-1.71,53.82
04/04/24,39.08,44185490,4.10,38.41,38.29,39.61,39.14,39.08,4.10,56.51
04/03/24,37.54,29387390,-0.16,37.50,37.37,38.20,37.53,37.54,-0.16,50.34
04/02/24,37.60,34073400,-5.41,37.02,36.80,37.84,37.62,37.60,-5.41,50.58
04/01/24,39.75,34651970,-1.78,39.99,38.84,40.03,39.49,39.75,-1.78,59.19
03/28/24,40.47,44764020,3.42,40.56,40.22,40.96,40.30,40.47,3.42,62.07
03/27/24,39.13,46746940,-1.26,40.91,39.02,40.97,39.10,39.13,-1.26,56.71
03/26/24,39.63,44351360,-2.27,40.45,39.54,40.51,39.75,39.63,-2.27,58.71
03/25/24,40.55,64562020,11.37,38.20,38.20,40.62,40.32,40.55,11.37,62.39
03/22/24,36.41,39957360,-1.99,36.60,35.71,36.69,36.33,36.41,-1.99,45.81
03/21/24,37.15,47085930,-1.07,38.61,37.00,38.61,37.17,37.15,-1.07,48.78
03/20/24,37.55,71309270,2.32,36.18,35.41,37.69,37.34,37.55,2.32,50.38
03/19/24,36.70,69685190,-3.78,36.35,35.49,37.53,36.88,36.70,-3.78,46.98
03/18/24,38.14,53201560,-3.17,38.81,37.93,39.13,38.26,38.14,-3.17,52.74
03/15/24,39.39,68768290,-0.30,38.69,38.44,40.32,39.72,39.39,-0.30,57.75
03/14/24,39.51,99521130,-5.82,41.46,39.01,41.53,39.61,39.51,-5.82,58.23
03/13/24,41.95,59347008,3.00,41.52,40.93,41.99,41.66,41.95,3.00,68.00
03/12/24,40.73,98022760,-0.95,41.28,39.21,41.80,40.74,40.73,-0.95,63.12
03/11/24,41.12,74430440,3.97,41.31,40.74,41.65,41.27,41.12,3.97,64.68
03/08/24,39.55,89933984,2.38,38.94,37.77,40.20,39.47,39.55,2.38,58.39
03/07/24,38.63,41620140,0.89,38.50,38.08,38.94,38.64,38.63,0.89,54.71
03/06/24,38.29,45934350,8.41,38.16,37.30,38.60,38.27,38.29,8.41,53.34
03/05/24,35.32,107143600,-8.62,38.67,34.03,39.69,35.57,35.32,-8.62,41.45
03/04/24,38.65,63439008,7.39,37.42,37.40,38.89,38.47,38.65,7.39,54.79
03/01/24,35.99,35133566,1.61,35.65,34.93,36.17,35.65,35.99,1.61,44.13
02/29/24,35.42,53837490,2.82,36.21,34.47,36.38,35.36,35.42,2.82,41.85
02/28/24,34.45,96833375,5.71,34.41,33.80,36.87,34.39,34.45,5.71,37.97
02/27/24,32.59,42006450,4.72,32.53,32.17,32.96,32.51,32.59,4.72,30.52
02/26/24,31.12,42806434,6.72,29.34,29.33,31.43,31.07,31.12,6.72,24.63
02/23/24,29.16,13285820,-1.88,29.26,28.91,29.31,29.09,29.16,-1.88,16.78
02/22/24,29.72,15468400,2.20,29.17,29.14,29.76,29.50,29.72,2.20,19.02
02/21/24,29.08,17767560,-1.99,29.06,28.91,29.35,29.07,29.08,-1.99,16.46
02/20/24,29.67,21166420,0.17,29.88,28.97,29.92,29.68,29.67,0.17,18.82
02/16/24,29.62,15976530,0.34,29.86,29.49,29.97,29.53,29.62,0.34,18.62
02/15/24,29.52,22844690,-0.10,30.00,29.48,30.23,29.54,29.52,-0.10,18.22
02/14/24,29.55,28134450,4.71,29.58,29.24,29.83,29.51,29.55,4.71,18.34
02/13/24,28.22,20913600,-1.54,27.97,27.62,28.28,28.08,28.22,-1.54,13.02
02/12/24,28.66,35138566,5.56,27.53,27.52,28.86,28.48,28.66,5.56,14.78
02/09/24,27.15,20742780,4.30,26.85,26.75,27.57,27.13,27.15,4.30,8.73
02/08/24,26.03,18568460,3.21,25.76,25.64,26.08,25.90,26.03,3.21,4.25
02/07/24,25.22,13952230,2.52,24.66,24.49,25.29,25.09,25.22,2.52,1.00
02/06/24,24.60,7352898,1.69,24.47,24.45,24.77,24.58,24.60,1.69,-1.48
02/05/24,24.19,6807517,-1.27,24.75,24.13,24.79,24.18,24.19,-1.27,-3.12
02/02/24,24.50,10329020,-0.16,24.39,24.38,24.83,24.50,24.50,-0.16,-1.88
02/01/24,24.54,12411410,0.99,24.21,24.19,24.72,24.53,24.54,0.99,-1.72
01/31/24,24.30,13369340,-2.33,24.38,24.26,25.00,24.41,24.30,-2.33,-2.68
01/30/24,24.88,15541320,0.85,24.84,24.69,24.98,24.85,24.88,0.85,-0.36
01/29/24,24.67,19012900,2.83,23.99,23.88,24.77,24.55,24.67,2.83,-1.20
01/26/24,23.99,20273850,5.40,23.52,23.48,24.12,23.94,23.99,5.40,-3.92
01/25/24,22.76,8954870,0.71,22.86,22.58,22.90,22.69,22.76,0.71,-8.85
01/24/24,22.60,11929150,1.25,22.82,22.57,22.97,22.66,22.60,1.25,-9.49
01/23/24,22.32,13431660,-2.75,22.19,22.02,22.63,22.36,22.32,-2.75,-10.61
01/22/24,22.95,17222070,-3.57,23.20,22.50,23.33,22.86,22.95,-3.57,-8.09
01/19/24,23.80,18284070,1.97,23.49,23.03,24.12,23.87,23.80,1.97,-4.69
01/18/24,23.34,17823190,-4.38,24.35,23.20,24.47,23.32,23.34,-4.38,-6.53
01/17/24,24.41,13964500,-1.25,24.35,24.15,24.56,24.31,24.41,-1.25,-2.24
01/16/24,24.72,15078210,-1.00,24.70,24.04,24.86,24.62,24.72,-1.00,-1.00
01/12/24,24.97,22991870,,26.40,24.75,26.41,24.94,24.97,,