rebalance_date,symbol,target_weight,signal_value,rank,reference_price,obs_count
1993-08-31,SPY,1.0,0.03168623975182805,1,46.56,148
1993-09-30,SPY,1.0,0.02020874972240727,1,45.94,169
1993-10-29,SPY,1.0,0.05709772060482954,1,46.84,190
1993-11-30,SPY,1.0,0.016450976091248126,1,46.34,211
1993-12-31,SPY,1.0,0.042515104050123265,1,46.59,233
1994-01-31,SPY,1.0,0.0715555555555556,1,48.22,254
1994-02-28,SPY,1.0,0.007967269595176685,1,46.81,273
1994-03-31,SPY,1.0,-0.03401213171577111,1,44.59,296
1994-04-29,SPY,1.0,-0.03736122971818956,1,45.09,315
1994-05-31,SPY,1.0,-0.010796804145972838,1,45.81,336
1994-06-30,SPY,1.0,-0.05059777967549117,1,44.47,358
1994-07-29,SPY,1.0,-0.03853403141361267,1,45.91,378
1994-08-31,SPY,1.0,0.020775326622403112,1,47.66,401
1994-09-30,SPY,1.0,0.035433953801300655,1,46.17,422
1994-10-31,SPY,1.0,0.04742995808515338,1,47.48,443
1994-11-30,SPY,1.0,-0.008266260604742115,1,45.59,464
1994-12-30,SPY,1.0,0.022441651705565446,1,45.56,485
1995-01-31,SPY,1.0,0.01948473695605113,1,47.09,506
1995-02-28,SPY,1.0,0.028535459504825944,1,49.02,525
1995-03-31,SPY,1.0,0.08533679878709122,1,50.11,548
1995-04-28,SPY,1.0,0.10542104135418895,1,51.59,567
1995-05-31,SPY,1.0,0.17477003942181346,1,53.64,589
1995-06-30,SPY,1.0,0.1942493415276556,1,54.41,611
1995-07-31,SPY,1.0,0.19718610104455347,1,56.16,631
1995-08-31,SPY,1.0,0.15641656416564165,1,56.41,654
1995-09-29,SPY,1.0,0.16703252843743766,1,58.48,674
1995-10-31,SPY,1.0,0.11534047436878359,1,58.31,696
1995-11-30,SPY,1.0,0.13744164332399622,1,60.91,717
1995-12-29,SPY,1.0,0.1299393493843044,1,61.48,737
1996-01-31,SPY,1.0,0.13818376832320345,1,63.67,759
1996-02-29,SPY,1.0,0.1334279630943933,1,63.88,779
1996-03-29,SPY,1.0,0.1061901504787961,1,64.69,800
1996-04-30,SPY,1.0,0.11663251366120209,1,65.39,821
1996-05-31,SPY,1.0,0.09801346248563458,1,66.88,843
1996-06-28,SPY,1.0,0.09157449577098253,1,67.11,863
1996-07-31,SPY,1.0,0.0065965132715564145,1,64.09,885
1996-08-30,SPY,1.0,0.0009192584648383129,1,65.33,907
1996-09-30,SPY,1.0,0.048746943765281214,1,68.63,927
1996-10-31,SPY,1.0,0.10153941844192205,1,70.84,950
1996-11-29,SPY,1.0,0.13361169102296433,1,76.02,970
1996-12-31,SPY,1.0,0.09489916963226586,1,73.84,991
1997-01-31,SPY,1.0,0.17803485576923062,1,78.41,1013
1997-02-28,SPY,1.0,0.19903059678885193,1,79.16,1032
1997-03-31,SPY,1.0,0.09550152860678418,1,75.25,1052
1997-04-30,SPY,1.0,0.13748047152393128,1,80.09,1074
1997-05-30,SPY,1.0,0.12452132576257746,1,85.16,1095
1997-06-30,SPY,1.0,0.17402286625897379,1,88.31,1116
1997-07-31,SPY,1.0,0.21414012738853505,1,95.31,1138
1997-08-29,SPY,1.0,0.13414481114317978,1,90.38,1159
1997-09-30,SPY,1.0,0.26684563758389257,1,94.38,1180
1997-10-31,SPY,1.0,0.10410170304629407,1,92.06,1203
1997-11-28,SPY,1.0,0.12797829676810557,1,95.63,1222
1997-12-31,SPY,1.0,0.06882501927100537,1,97.06,1244
1998-01-30,SPY,1.0,0.031476235442241096,1,98.31,1264
1998-02-27,SPY,1.0,0.15009298763811407,1,105.13,1283
1998-03-31,SPY,1.0,0.15265254770392112,1,109.94,1305
1998-04-30,SPY,1.0,0.20733029711559325,1,111.34,1326
1998-05-29,SPY,1.0,0.14467191601049878,1,109.03,1346
1998-06-30,SPY,1.0,0.18487922200146412,1,113.31,1368
1998-07-31,SPY,1.0,0.13701556301495277,1,111.78,1390
1998-08-31,SPY,1.0,-0.09004739336492895,1,96.0,1411
1998-09-30,SPY,1.0,-0.08192727600830096,1,101.75,1432
1998-10-30,SPY,1.0,-0.020568070519098924,1,110.0,1454
1998-11-30,SPY,1.0,0.05929034023533708,1,116.13,1474
1998-12-31,SPY,1.0,0.07375478927203072,1,123.31,1496
1999-01-29,SPY,1.0,0.11766765890386965,1,127.66,1515
1999-02-26,SPY,1.0,0.13482733284349746,1,123.56,1534
1999-03-31,SPY,1.0,0.22336573279969496,1,128.38,1557
1999-04-30,SPY,1.0,0.24754236494710224,1,133.25,1578
1999-05-28,SPY,1.0,0.09753013571609204,1,130.2,1598
1999-06-30,SPY,1.0,0.10208350092510665,1,137.0,1620
1999-07-30,SPY,1.0,0.03987153376155406,1,132.75,1641
1999-08-31,SPY,1.0,0.06957155584352481,1,132.06,1663
1999-09-30,QQQ,0.5,0.12378640776699013,1,60.19,142
1999-09-30,SPY,0.5,-0.004561620535023958,2,128.75,1684
1999-10-29,QQQ,0.5,0.23035179640718573,1,65.75,163
1999-10-29,SPY,0.5,0.009654359201120233,2,137.0,1705
1999-11-30,QQQ,0.5,0.4305045428184806,1,74.0,184
1999-11-30,SPY,0.5,0.07322143517092705,2,139.39,1726
1999-12-31,QQQ,0.5,0.5554042553191489,1,91.38,206
1999-12-31,SPY,0.5,0.05358295674628799,2,146.88,1748
2000-01-31,QQQ,0.5,0.5946137491141035,1,90.0,226
2000-01-31,SPY,0.5,0.049376221253569774,2,139.63,1768
2000-02-29,QQQ,0.5,0.8126376418770116,1,107.0,246
2000-02-29,SPY,0.5,0.03681351840675906,2,137.44,1788
2000-03-31,QQQ,0.5,0.8186347782760339,1,109.5,269
2000-03-31,SPY,0.5,0.17054565268155986,2,150.38,1811
2000-04-28,QQQ,0.5,0.4874862269793798,1,94.5,288
2000-04-28,SPY,0.5,0.07825505350772888,2,145.09,1830
2000-05-31,QQQ,0.5,0.12162162162162171,1,83.0,310
2000-05-31,SPY,0.5,0.02453547600258288,2,142.81,1852
2000-06-30,QQQ,0.5,0.01980739768001749,1,93.19,332
2000-06-30,SPY,0.5,-0.010893246187363759,2,145.28,1874
2000-07-31,SPY,0.5,0.023490653870944733,1,142.91,1894
2000-07-31,QQQ,0.5,-0.005555555555555536,2,89.5,352
2000-08-31,SPY,0.5,0.07943031247785726,1,152.34,1917
2000-08-31,QQQ,0.5,-0.06975894813732653,2,101.88,375
2000-09-29,SPY,0.5,-0.0448862880702221,1,143.63,1937
2000-09-29,QQQ,0.5,-0.1900456621004566,2,88.69,395
2000-10-31,SPY,0.5,0.00932005930946822,1,142.95,1959
2000-10-31,QQQ,0.5,-0.08592526292235392,2,81.7,417
2000-11-30,SPY,0.5,-0.10524891774891776,1,132.28,1980
2000-11-30,QQQ,0.5,-0.3246112600536193,2,62.98,438
2000-12-29,SPY,0.5,-0.09698513215859028,1,131.19,2000
2000-12-29,QQQ,0.5,-0.373537933254641,2,58.38,458
2001-01-31,SPY,0.5,-0.04767862107311638,1,137.02,2021
2001-01-31,QQQ,0.5,-0.2727067073860423,2,64.3,479
2001-02-28,SPY,0.5,-0.18330368320484947,1,123.95,2040
2001-02-28,QQQ,0.5,-0.5179804957334416,2,47.45,498
2001-03-30,SPY,0.5,-0.20146444946280706,1,116.69,2062
2001-03-30,QQQ,0.5,-0.5765278528934559,2,39.15,520
2001-04-30,SPY,0.5,-0.08618040822298634,1,124.91,2082
2001-04-30,QQQ,0.5,-0.422258387581372,2,46.15,540
2001-05-31,SPY,0.5,-0.057895130525843386,1,125.95,2104
2001-05-31,QQQ,0.5,-0.31657754010695194,2,44.73,562
2001-06-29,SPY,0.5,-0.08315883936583912,1,122.6,2125
2001-06-29,QQQ,0.5,-0.25618489583333326,2,45.7,583
2001-07-31,SPY,0.5,-0.11937590711175627,1,121.35,2146
2001-07-31,QQQ,0.5,-0.3743820224719101,2,41.76,604
2001-08-31,SPY,0.5,-0.0848965848965848,1,114.15,2169
2001-08-31,QQQ,0.5,-0.22965299684542573,2,36.63,627
2001-09-28,SPY,0.5,-0.09918923581162675,1,104.44,2184
2001-09-28,QQQ,0.5,-0.30686438651040426,2,28.98,642
2001-10-31,SPY,0.5,-0.158848783590396,1,105.8,2207
2001-10-31,QQQ,0.5,-0.2491694352159468,2,33.9,665
2001-11-30,SPY,0.5,-0.10253383695310037,1,114.05,2228
2001-11-30,QQQ,0.5,-0.1402862098872506,2,39.65,686
2001-12-31,SPY,0.5,-0.0596462361168244,1,114.3,2248
2001-12-31,QQQ,0.5,-0.1057228223396921,2,38.91,706
2002-01-31,SPY,0.5,-0.05957623597839623,1,113.18,2269
2002-01-31,QQQ,0.5,-0.06301703163017036,2,38.51,727
2002-02-28,SPY,0.5,-0.05016236540762253,1,111.15,2288
2002-02-28,QQQ,0.5,-0.10374104537012463,2,33.78,746
2002-03-28,QQQ,0.5,0.2577607254970353,1,36.06,766
2002-03-28,SPY,0.5,0.12949995068547193,2,114.52,2308
2002-04-30,SPY,0.5,-0.022298767222625027,1,107.86,2330
2002-04-30,QQQ,0.5,-0.11885587336850867,2,31.73,788
2002-05-31,SPY,0.5,-0.05399682371625203,1,107.22,2352
2002-05-31,QQQ,0.5,-0.22477419354838712,2,30.04,810
2002-06-28,SPY,0.5,-0.14733758400827168,1,98.96,2372
2002-06-28,QQQ,0.5,-0.34766308422894265,2,26.1,830
2002-07-31,SPY,0.5,-0.18512559220523828,1,91.16,2394
2002-07-31,QQQ,0.5,-0.3767964463025869,2,23.85,852
2002-08-30,SPY,0.5,-0.20708423326133907,1,91.78,2416
2002-08-30,QQQ,0.5,-0.36769851951547783,2,23.49,874
2002-09-30,SPY,0.5,-0.28216605230823233,1,81.79,2436
2002-09-30,QQQ,0.5,-0.40951838130521523,2,20.72,894
2002-10-31,QQQ,0.5,-0.1745124411566913,1,24.55,917
2002-10-31,SPY,0.5,-0.17717047778397477,2,88.52,2459
2002-11-29,QQQ,0.5,-0.0434782608695653,1,27.72,937
2002-11-29,SPY,0.5,-0.09954967902654022,2,93.98,2479
2002-12-31,QQQ,0.5,0.017536534446764174,1,24.37,958
2002-12-31,SPY,0.5,-0.07096977993050435,2,88.23,2500
2003-01-31,QQQ,0.25,0.07523097228332598,1,24.44,979
2003-01-31,TLT,0.25,0.0609638554216867,2,88.06,130
2003-01-31,SHY,0.25,0.010194055514615608,3,82.25,130
2003-01-31,SPY,0.25,-0.03063753097544486,4,86.06,2521
2003-02-28,QQQ,0.25,0.07155025553662697,1,25.16,998
2003-02-28,TLT,0.25,0.05356934901595434,2,90.47,149
2003-02-28,SHY,0.25,0.011780586575039997,3,82.45,149
2003-02-28,SPY,0.25,-0.07817589576547224,4,84.9,2540
2003-03-31,QQQ,0.25,0.18488972313467866,1,25.25,1019
2003-03-31,SPY,0.25,0.02404833836857989,2,84.74,2561
2003-03-31,SHY,0.25,0.006466569058077187,3,82.49,170
2003-03-31,TLT,0.25,-0.012661039537983143,4,88.9,170
2003-04-30,QQQ,0.25,0.12086565945283789,1,27.45,1040
2003-04-30,TLT,0.25,0.04914379544921421,2,89.45,191
2003-04-30,SPY,0.25,0.02566677826135466,3,91.91,2582
2003-04-30,SHY,0.25,0.008063530849114375,4,82.51,191
2003-05-30,QQQ,0.25,0.10129390018484274,1,29.79,1061
2003-05-30,TLT,0.25,0.08785648574057037,2,94.6,212
2003-05-30,SPY,0.25,0.057251908396946494,3,96.95,2603
2003-05-30,SHY,0.25,0.010634396773010701,4,82.68,212
2003-06-30,QQQ,0.25,0.2066881547139403,1,29.95,1082
2003-06-30,SPY,0.25,0.11730373083085377,2,97.63,2624
2003-06-30,TLT,0.25,0.03897562619341799,3,92.5,233
2003-06-30,SHY,0.25,0.004005826656955591,4,82.71,233
2003-07-31,QQQ,0.25,0.2958435207823962,1,31.8,1104
2003-07-31,SPY,0.25,0.17718820324529183,2,99.39,2646
2003-07-31,SHY,0.25,-0.000972407925124541,3,82.19,255
2003-07-31,TLT,0.25,-0.05545433841949432,4,82.95,255
2003-08-29,QQQ,0.25,0.3545638945233267,1,33.39,1125
2003-08-29,SPY,0.25,0.2063265548816744,2,101.44,2667
2003-08-29,SHY,0.25,-0.003884909554449534,3,82.05,276
2003-08-29,TLT,0.25,-0.0730274822695034,4,83.65,276
2003-09-30,QQQ,0.25,0.27387033398821226,1,32.42,1146
2003-09-30,SPY,0.25,0.16166899116689915,2,99.95,2688
2003-09-30,SHY,0.25,0.004492472073822196,3,82.73,297
2003-09-30,TLT,0.25,-0.0005664438654129356,4,88.22,297
2003-10-31,QQQ,0.25,0.24530973451327442,1,35.18,1169
2003-10-31,SPY,0.25,0.13189293776201216,2,105.3,2711
2003-10-31,SHY,0.25,-0.0006071645415907101,3,82.3,320
2003-10-31,TLT,0.25,-0.040545106430904476,4,85.19,320
2003-11-28,QQQ,0.25,0.1960784313725492,1,35.38,1188
2003-11-28,SPY,0.25,0.09347714432460208,2,106.45,2730
2003-11-28,SHY,0.25,-0.004725554343875005,3,82.14,339
2003-11-28,TLT,0.25,-0.08961608384130049,4,85.13,339
2003-12-31,QQQ,0.25,0.17726832418469485,1,36.46,1210
2003-12-31,SPY,0.25,0.11536534028265022,2,111.28,2752
2003-12-31,SHY,0.25,-0.0021778584392014855,3,82.47,361
2003-12-31,TLT,0.25,-0.07038729329852045,4,85.45,361
2004-01-30,QQQ,0.25,0.1657232704402516,1,37.07,1230
2004-01-30,SPY,0.25,0.14176476506690827,2,113.48,2772
2004-01-30,TLT,0.25,0.049306811332127776,3,87.04,381
2004-01-30,SHY,0.25,0.0046234335077259825,4,82.57,381
2004-02-27,SPY,0.25,0.1485919712402637,1,115.02,2791
2004-02-27,QQQ,0.25,0.11493902439024395,2,36.57,1249
2004-02-27,TLT,0.25,0.06832148451620679,3,88.66,400
2004-02-27,SHY,0.25,0.011105687088113214,4,82.85,400
2004-03-31,SPY,0.25,0.1315657828914456,1,113.1,2814
2004-03-31,QQQ,0.25,0.10549043800123381,2,35.84,1272
2004-03-31,TLT,0.25,0.015075946497392856,3,89.55,423
2004-03-31,SHY,0.25,0.002901003263628521,4,82.97,423
2004-04-30,SPY,0.25,0.054953413196425105,1,110.96,2835
2004-04-30,SHY,0.25,-0.004735308402136984,2,81.97,444
2004-04-30,TLT,0.25,-0.013446567586694935,3,83.64,444
2004-04-30,QQQ,0.25,-0.015571913929784742,4,34.77,1293
2004-05-28,SPY,0.25,0.061013443640123954,1,112.86,2855
2004-05-28,QQQ,0.25,0.03423882286361035,2,36.55,1313
2004-05-28,SHY,0.25,-0.004742217898832668,3,81.85,464
2004-05-28,TLT,0.25,-0.032708648585729305,4,83.1,464
2004-06-30,QQQ,0.25,0.03567508232711325,1,37.74,1334
2004-06-30,SPY,0.25,0.030316660669305495,2,114.53,2876
2004-06-30,SHY,0.25,-0.008854924793789465,3,81.71,485
2004-06-30,TLT,0.25,-0.029582366589327114,4,83.65,485
2004-07-30,SHY,0.25,-0.0089664364473524,1,81.79,506
2004-07-30,TLT,0.25,-0.021402128644146146,2,84.59,506
2004-07-30,SPY,0.25,-0.023264011279520602,3,110.84,2897
2004-07-30,QQQ,0.25,-0.0631041890440387,4,34.89,1355
2004-08-31,VPU,0.2,0.03841630733045842,1,52.98,147
2004-08-31,TLT,0.2,0.00068407251168634,2,87.77,528
2004-08-31,SHY,0.2,-0.004598813990076223,3,82.25,528
2004-08-31,VFH,0.2,-0.02116504854368939,4,50.41,147
2004-08-31,SPY,0.2,-0.03784205057152756,5,111.11,2919
2004-09-30,VPU,0.2,0.0505386875612146,1,53.63,168
2004-09-30,SHY,0.2,-0.011208870676147953,2,82.04,549
2004-09-30,VFH,0.2,-0.011755485893416906,3,50.44,168
2004-09-30,SPY,0.2,-0.01184792219274966,4,111.76,2940
2004-09-30,TLT,0.2,-0.014517029592406416,5,88.25,549
2004-10-29,VPU,0.2,0.1365665584415583,1,56.01,189
2004-10-29,TLT,0.2,0.06934481109516977,2,89.44,570
2004-10-29,VFH,0.2,0.06145833333333339,3,50.95,189
2004-10-29,QQQ,0.2,0.06125970664365821,4,36.9,1419
2004-10-29,SPY,0.2,0.020187454938716654,5,113.2,2961
2004-11-30,VPU,0.2,0.1786290322580646,1,58.46,210
2004-11-30,VFH,0.2,0.07387057387057383,2,52.77,210
2004-11-30,QQQ,0.2,0.07178082191780821,3,39.12,1440
2004-11-30,TLT,0.2,0.059985369422092205,4,86.94,591
2004-11-30,SPY,0.2,0.04595865495519491,5,117.89,2982
2004-12-31,VPU,0.2,0.1575410160110693,1,58.56,232
2004-12-31,QQQ,0.2,0.08419337316675723,2,39.92,1462
2004-12-31,VFH,0.2,0.08400483481063659,3,53.81,232
2004-12-31,SPY,0.2,0.07078313253012047,4,120.87,3004
2004-12-31,TLT,0.2,0.049792531120331995,5,88.55,613
2005-01-31,VPU,0.2,0.1506902586039276,1,59.18,252
2005-01-31,TLT,0.2,0.08699774801469706,2,91.71,633
2005-01-31,QQQ,0.2,0.06979405034324926,3,37.4,1482
2005-01-31,VFH,0.2,0.06512862392813412,4,52.17,252
2005-01-31,SPY,0.2,0.0638336184388224,5,118.16,3024
2005-02-28,VPU,0.2,0.1520289578967422,1,60.47,271
2005-02-28,SPY,0.2,0.08236877523553154,2,120.63,3043
2005-02-28,QQQ,0.2,0.07696759259259256,3,37.22,1501
2005-02-28,VHT,0.2,0.04025731479560091,4,50.13,271
2005-02-28,TLT,0.2,0.036857866850956045,5,90.02,652
2005-03-31,VPU,0.2,0.13484196745838783,1,60.68,293
2005-03-31,SPY,0.2,0.054721030042918395,2,117.96,3065
2005-03-31,QQQ,0.2,0.04247434435575825,3,36.57,1523
2005-03-31,VHT,0.2,0.03658283101226356,4,49.87,293
2005-03-31,TLT,0.2,0.008353087255897895,5,89.33,674
2005-04-29,VPU,0.2,0.11468632033075665,1,62.01,314
2005-04-29,VHT,0.2,0.10924369747899165,2,51.48,314
2005-04-29,TLT,0.2,0.03830169605750866,3,92.44,695
2005-04-29,VIS,0.2,0.03555022967845023,4,51.85,147
2005-04-29,VNQ,0.2,0.031620553359683834,5,54.81,147
2005-05-31,VHT,0.2,0.10164141414141414,1,52.35,335
2005-05-31,TLT,0.2,0.08807696712862212,2,95.0,716
2005-05-31,VPU,0.2,0.0618782667341089,3,62.98,335
2005-05-31,VNQ,0.2,0.03351548269581062,4,56.74,168
2005-05-31,SPY,0.2,0.014175367116543658,5,119.48,3107
2005-06-30,VPU,0.2,0.11877655055225156,1,65.84,357
2005-06-30,TLT,0.2,0.09475829276576486,2,96.7,738
2005-06-30,VHT,0.2,0.036406806489909016,3,52.38,357
2005-06-30,VNQ,0.2,0.03527336860670194,4,58.7,190
2005-06-30,SHY,0.2,-0.0038013488657265837,5,81.24,738
2005-07-29,VNQ,0.2,0.21479621402356575,1,62.89,210
2005-07-29,VPU,0.2,0.14718909710391825,2,67.34,377
2005-07-29,VHT,0.2,0.11069882498453931,3,53.88,377
2005-07-29,QQQ,0.2,0.07204767063921991,4,39.58,1607
2005-07-29,SPY,0.2,0.05373413948735406,5,123.74,3149
2005-08-31,VNQ,0.2,0.12072808320950967,1,60.34,233
2005-08-31,VPU,0.2,0.11193172493024783,2,67.75,400
2005-08-31,TLT,0.2,0.0720348447621173,3,95.99,781
2005-08-31,VHT,0.2,0.06646825396825395,4,53.75,400
2005-08-31,QQQ,0.2,0.04504021447721174,5,38.98,1630
2005-09-30,VWO,0.2,0.2129629629629628,1,28.82,142
2005-09-30,VNQ,0.2,0.17105772956218535,2,60.45,254
2005-09-30,VPU,0.2,0.14983552631578956,3,69.91,421
2005-09-30,GLD,0.2,0.10141509433962281,4,46.7,218
2005-09-30,QQQ,0.2,0.0822819528250136,5,39.46,1651
2005-10-31,VWO,0.2,0.1821739130434783,1,27.19,163
2005-10-31,QQQ,0.2,0.1011331444759207,2,38.87,1672
2005-10-31,GLD,0.2,0.08512628624883067,3,46.4,239
2005-10-31,VNQ,0.2,0.07037374658158613,4,58.71,275
2005-10-31,VFH,0.2,0.06959122632103698,5,53.64,442
2005-11-30,VWO,0.2,0.20864505403158762,1,29.08,184
2005-11-30,GLD,0.2,0.16627078384798089,2,49.1,260
2005-11-30,VFH,0.2,0.08016877637130793,3,56.32,463
2005-11-30,VNQ,0.2,0.06924287462843148,4,61.15,296
2005-11-30,QQQ,0.2,0.06673564407656518,5,41.24,1693
2005-12-30,VWO,0.2,0.22890593459830444,1,30.44,205
2005-12-30,GLD,0.2,0.2079625292740046,2,51.58,281
2005-12-30,QQQ,0.2,0.10019057990743252,3,40.41,1714
2005-12-30,VIS,0.2,0.08702232311766944,4,57.46,317
2005-12-30,VFH,0.2,0.06341370799316493,5,56.01,484
2006-01-31,GLD,0.2,0.3146301878043125,1,56.7,301
2006-01-31,VWO,0.2,0.2793674698795181,2,33.98,225
2006-01-31,QQQ,0.2,0.05926860025220693,3,42.0,1734
2006-01-31,VFH,0.2,0.05863737900223387,4,56.87,504
2006-01-31,VIS,0.2,0.05702941707273057,5,58.57,337
2006-02-28,GLD,0.2,0.2857142857142858,1,56.07,320
2006-02-28,VWO,0.2,0.2715105162523901,2,33.25,244
2006-02-28,VIS,0.2,0.12437068804773443,3,60.3,356
2006-02-28,VFH,0.2,0.11117500479202591,4,57.97,523
2006-02-28,VNQ,0.2,0.1035182679296347,5,65.24,356
2006-03-31,GLD,0.2,0.23354564755838636,1,58.1,343
2006-03-31,VWO,0.2,0.16886726893676163,2,33.64,267
2006-03-31,VIS,0.2,0.15175310445580714,3,63.07,379
2006-03-31,VNQ,0.2,0.1415126050420168,4,67.92,379
2006-03-31,VFH,0.2,0.10906327189815679,5,58.37,546
2006-04-28,GLD,0.2,0.38695930108672494,1,65.09,362
2006-04-28,VWO,0.2,0.35487485991781864,2,36.27,286
2006-04-28,VIS,0.2,0.19650492656627616,3,64.36,398
2006-04-28,VNQ,0.2,0.14462665736217728,4,65.61,398
2006-04-28,VFH,0.2,0.1363464447806355,5,60.09,565
2006-05-31,GLD,0.2,0.2913148371531966,1,64.23,384
2006-05-31,VWO,0.2,0.10625859697386542,2,32.17,308
2006-05-31,VIS,0.2,0.09181011997913413,3,62.79,420
2006-05-31,VNQ,0.2,0.038386467143786795,4,63.84,420
2006-05-31,VFH,0.2,0.017189966672513712,5,57.99,587
2006-06-30,GLD,0.2,0.18962502428599182,1,61.23,406
2006-06-30,VNQ,0.2,0.10999497739829223,2,66.3,442
2006-06-30,VIS,0.2,0.08379501385041555,3,62.6,442
2006-06-30,VWO,0.2,0.05411610364053798,4,32.14,330
2006-06-30,VPU,0.2,0.034757311284642434,5,67.58,609
2006-07-31,GLD,0.2,0.11432604093154541,1,63.16,426
2006-07-31,VNQ,0.2,0.07827175954915444,2,68.88,462
2006-07-31,VPU,0.2,0.05931570297325561,3,70.9,629
2006-07-31,VFH,0.2,0.02925205815379206,4,58.76,629
2006-07-31,VIS,0.2,0.009564474807856493,5,59.11,462
2006-08-31,GLD,0.2,0.10678749111584929,1,62.29,449
2006-08-31,VNQ,0.2,0.09358698987419434,2,71.28,485
2006-08-31,VPU,0.2,0.08085612366230666,3,72.72,652
2006-08-31,VFH,0.2,0.03220221606648188,4,59.62,652
2006-08-31,SPY,0.2,0.01460080770425587,5,130.64,3424
2006-09-29,VPU,0.2,0.09545947621261419,1,70.69,672
2006-09-29,VNQ,0.2,0.058451118963486426,2,71.89,505
2006-09-29,VFH,0.2,0.053452115812917755,3,61.49,672
2006-09-29,TLT,0.2,0.029008863819500297,4,89.39,1053
2006-09-29,SPY,0.2,0.028883925132866084,5,133.58,3444
2006-10-31,VNQ,0.2,0.18761667703795903,1,76.34,527
2006-10-31,VPU,0.2,0.13154301319981787,2,74.58,694
2006-10-31,VHT,0.2,0.08962623951182302,3,57.14,694
2006-10-31,TLT,0.2,0.07892839980778477,4,89.81,1075
2006-10-31,VFH,0.2,0.06120733142761048,5,63.11,694
2006-11-30,VNQ,0.2,0.21639294403892917,1,79.99,548
2006-11-30,SLV,0.2,0.14696223316912982,2,13.97,149
2006-11-30,VWO,0.2,0.14277090250528213,3,37.86,436
2006-11-30,VPU,0.2,0.12852941176470578,4,76.74,715
2006-11-30,QQQ,0.2,0.11099899091826426,5,44.04,1945
2006-12-29,VWO,0.2,0.2041070317361544,1,38.7,456
2006-12-29,VNQ,0.2,0.16138763197586736,2,77.0,568
2006-12-29,SLV,0.2,0.15439856373429084,3,12.86,169
2006-12-29,VPU,0.2,0.13657886948801434,4,76.81,735
2006-12-29,VFH,0.2,0.13557558945908466,5,65.5,735
2007-01-31,VNQ,0.2,0.21602787456446015,1,83.76,588
2007-01-31,QQQ,0.2,0.18787061994609155,2,44.07,1985
2007-01-31,SLV,0.2,0.18388791593695264,3,13.52,189
2007-01-31,VWO,0.2,0.18295662797800838,4,38.73,476
2007-01-31,VIS,0.2,0.13128066317036047,5,66.87,588
2007-02-28,VNQ,0.2,0.16352201257861654,1,81.4,607
2007-02-28,VWO,0.2,0.14867740954697473,2,37.78,495
2007-02-28,SLV,0.2,0.13768115942029002,3,14.13,208
2007-02-28,QQQ,0.2,0.13074112734864296,4,43.33,2004
2007-02-28,VIS,0.2,0.12956359313975208,5,66.52,607
2007-03-30,VWO,0.2,0.17801672640382327,1,39.44,517
2007-03-30,VPU,0.2,0.1636642926965508,2,83.33,796
2007-03-30,SLV,0.2,0.14888123924268504,3,13.35,230
2007-03-30,GLD,0.2,0.0991472997826448,4,65.74,593
2007-03-30,VNQ,0.2,0.0987261146496814,5,79.35,629
2007-04-30,VWO,0.2,0.15878856495895843,1,40.94,537
2007-04-30,VPU,0.2,0.1515957446808509,2,86.6,816
2007-04-30,GLD,0.2,0.14176310415248472,3,67.09,613
2007-04-30,SLV,0.2,0.12195121951219501,4,13.34,250
2007-04-30,VIS,0.2,0.08854652972300037,5,69.95,649
2007-05-31,VWO,0.2,0.1899700190787681,1,43.66,559
2007-05-31,VPU,0.2,0.16697786076287002,2,87.5,838
2007-05-31,VIS,0.2,0.13604919292851658,3,73.9,671
2007-05-31,VHT,0.2,0.10907798898561016,4,62.43,838
2007-05-31,SPY,0.2,0.10764340413235085,5,153.32,3610
2007-06-29,VWO,0.2,0.17958656330749334,1,45.65,580
2007-06-29,VIS,0.2,0.11982405581677513,2,73.83,692
2007-06-29,QQQ,0.2,0.09854604200323114,3,47.6,2089
2007-06-29,VPU,0.2,0.06727037516170764,4,82.5,859
2007-06-29,VHT,0.2,0.056012602835638026,5,60.33,859
2007-07-31,USO,0.2,0.23585304054054057,1,468.24,328
2007-07-31,VWO,0.2,0.22918834547346512,2,47.25,601
2007-07-31,VIS,0.2,0.12706345600484625,3,74.42,713
2007-07-31,QQQ,0.2,0.08938803575521437,4,47.53,2110
2007-07-31,VPU,0.2,0.034270765206016796,5,79.07,880
2007-08-31,VWO,0.2,0.3291139240506331,1,47.25,624
2007-08-31,QQQ,0.2,0.1594306049822063,2,48.87,2133
2007-08-31,VIS,0.2,0.13995067817509255,3,73.96,736
2007-08-31,USO,0.2,0.12414349052801299,4,446.24,351
2007-08-31,SPY,0.2,0.07455405897342571,5,147.59,3675
2007-09-28,VWO,0.2,0.31566937119675464,1,51.89,643
2007-09-28,QQQ,0.2,0.1810245807489086,2,51.41,2152
2007-09-28,USO,0.2,0.17244611059044046,3,500.4,370
2007-09-28,VIS,0.2,0.15284431137724575,4,77.01,755
2007-09-28,GLD,0.2,0.11819288104654713,5,73.51,719
2007-10-31,USO,0.2,0.48681006493506485,1,586.16,393
2007-10-31,VWO,0.2,0.3817153628652217,2,58.64,666
2007-10-31,QQQ,0.2,0.18115475423910699,3,55.03,2175
2007-10-31,GLD,0.2,0.16491332049192486,4,78.62,742
2007-10-31,VIS,0.2,0.08992553042012075,5,77.57,778
2007-11-30,USO,0.2,0.3884806355511419,1,559.28,414
2007-11-30,VWO,0.2,0.2051224443945181,2,53.64,687
2007-11-30,GLD,0.2,0.16200781484821136,3,77.32,763
2007-11-30,TLT,0.2,0.09769713886950449,4,94.38,1347
2007-11-30,QQQ,0.2,0.07839428331231613,5,51.31,2196
2007-12-31,USO,0.2,0.4152811507565852,1,606.08,434
2007-12-31,GLD,0.2,0.26822516148877273,2,82.46,783
2007-12-31,SLV,0.2,0.16759332803812543,3,14.7,420
2007-12-31,VWO,0.2,0.11933891393002782,4,52.15,707
2007-12-31,TLT,0.2,0.09098370266150768,5,93.05,1367
2008-01-31,GLD,0.2,0.3863188229940846,1,91.4,804
2008-01-31,SLV,0.2,0.30488750969743994,2,16.82,441
2008-01-31,USO,0.2,0.2525969529085872,3,578.8,455
2008-01-31,TLT,0.2,0.09021003098817859,4,94.99,1388
2008-01-31,IEI,0.2,0.08339152119700755,5,108.61,266
2008-02-29,SLV,0.2,0.6641285956006768,1,19.67,461
2008-02-29,GLD,0.2,0.45572877251400046,2,96.18,824
2008-02-29,USO,0.2,0.4477047704770478,3,643.36,475
2008-02-29,IEI,0.2,0.07915644923982335,4,110.02,286
2008-02-29,TLT,0.2,0.06812514169122652,5,94.23,1408
2008-03-31,USO,0.2,0.2824716267339218,1,650.88,495
2008-03-31,SLV,0.2,0.26880119136262093,2,17.04,481
2008-03-31,GLD,0.2,0.24360385144429153,3,90.41,844
2008-03-31,TLT,0.2,0.08325802078626299,4,95.89,1428
2008-03-31,IEI,0.2,0.07984382625671049,5,110.63,306
2008-04-30,USO,0.2,0.27586206896551735,1,740.0,517
2008-04-30,SLV,0.2,0.16191799861014577,2,16.72,503
2008-04-30,GLD,0.2,0.10919098822324624,3,86.65,866
2008-04-30,IEI,0.2,0.04506250605678841,4,107.84,328
2008-04-30,TLT,0.2,0.02498624105668701,5,93.12,1450
2008-05-30,USO,0.2,0.4353760445682453,1,824.48,538
2008-05-30,SLV,0.2,0.16573426573426575,2,16.67,524
2008-05-30,GLD,0.2,0.09903229860500207,3,87.45,887
2008-05-30,VNQ,0.2,0.013465952563121775,4,66.23,923
2008-05-30,IEI,0.2,0.008638693753559856,5,106.25,349
2008-06-30,USO,0.2,0.497694030834102,1,909.28,559
2008-06-30,SLV,0.2,0.17815699658703088,2,17.26,545
2008-06-30,GLD,0.2,0.10120481927710845,3,91.4,908
2008-06-30,IEI,0.2,0.014733840304182566,4,106.75,370
2008-06-30,SHY,0.2,0.010114550329027416,5,82.89,1492
2008-07-31,USO,0.2,0.38203178991015907,1,799.92,581
2008-07-31,SLV,0.2,0.04221165279429262,2,17.53,567
2008-07-31,QQQ,0.2,0.007312209173498729,3,45.46,2363
2008-07-31,BIL,0.2,-0.0009787928221860476,4,91.86,295
2008-07-31,SHY,0.2,-0.00622381807301009,5,83.03,1514
2008-08-29,USO,0.2,0.14203148057058557,1,742.96,602
2008-08-29,QQQ,0.2,0.08085305835481593,2,46.12,2384
2008-08-29,VNQ,0.2,0.0373423044575274,3,61.67,987
2008-08-29,VHT,0.2,0.020636897349226135,4,57.37,1154
2008-08-29,TLT,0.2,0.0021358393848782686,5,93.84,1535
2008-09-30,TLT,0.2,0.007967704238818651,1,94.88,1556
2008-09-30,BIL,0.2,0.004798255179934596,2,92.14,337
2008-09-30,SHY,0.2,-0.001553351654916879,3,83.56,1556
2008-09-30,IEI,0.2,-0.00329700522025822,4,108.83,434
2008-09-30,VHT,0.2,-0.013001281816517163,5,53.9,1175
2008-10-31,IEI,0.2,0.02818478768082122,1,110.17,457
2008-10-31,SHY,0.2,0.014091292303986425,2,84.2,1579
2008-10-31,TLT,0.2,0.013317323436305983,3,92.83,1579
2008-10-31,BIL,0.2,0.0019646365422396617,4,91.8,360
2008-10-31,VHT,0.2,-0.15016322089227419,5,46.86,1198
2008-11-28,TLT,0.2,0.17076411960132898,1,105.72,1598
2008-11-28,IEI,0.2,0.07205937617437064,2,114.11,476
2008-11-28,SHY,0.2,0.023536511768255997,3,84.8,1598
2008-11-28,BIL,0.2,0.0,4,91.66,379
2008-11-28,GLD,0.2,-0.08697135061391537,5,80.31,1014
2008-12-31,TLT,0.2,0.2934865069903543,1,119.35,1620
2008-12-31,IEI,0.2,0.08395084888847193,2,115.56,498
2008-12-31,SHY,0.2,0.024195499637067464,3,84.66,1620
2008-12-31,BIL,0.2,-0.0015263846489315114,4,91.58,401
2008-12-31,GLD,0.2,-0.07137490608564989,5,86.52,1036
2009-01-30,TLT,0.2,0.13177702628995314,1,103.75,1640
2009-01-30,IEI,0.2,0.06378217083177917,2,114.08,518
2009-01-30,SHY,0.2,0.015175237865831637,3,84.29,1640
2009-01-30,GLD,0.2,0.013654529307282504,4,91.31,1056
2009-01-30,BIL,0.2,-0.0010886131069017813,5,91.76,421
2009-02-27,GLD,0.2,0.13852015732546707,1,92.63,1075
2009-02-27,TLT,0.2,0.08095490716180365,2,101.88,1659
2009-02-27,IEI,0.2,0.0449967661461701,3,113.1,537
2009-02-27,SHY,0.2,0.010583283223090767,4,84.03,1659
2009-02-27,BIL,0.2,-0.001088850174216116,5,91.74,440
2009-03-31,TLT,0.2,0.08699228791773783,1,105.71,1681
2009-03-31,IEI,0.2,0.04665573172954263,2,114.86,559
2009-03-31,GLD,0.2,0.007926761192363685,3,90.28,1097
2009-03-31,SHY,0.2,0.005125759923709561,4,84.32,1681
2009-03-31,BIL,0.2,-0.008217993079584818,5,91.72,462
2009-04-30,SLV,0.2,0.34917127071823195,1,12.21,755
2009-04-30,VWO,0.2,0.19939315127871704,2,27.67,1042
2009-04-30,GLD,0.2,0.18268058002439336,3,87.27,1118
2009-04-30,QQQ,0.2,0.07595731324544897,4,34.28,2551
2009-04-30,TLT,0.2,0.02820002096655827,5,98.08,1702
2009-05-29,SLV,0.2,0.518155053974485,1,15.47,775
2009-05-29,VWO,0.2,0.48070812528370377,2,32.62,1062
2009-05-29,QQQ,0.2,0.255946041888534,3,35.38,2571
2009-05-29,GLD,0.2,0.18956349697044628,4,96.2,1138
2009-05-29,VEA,0.2,0.1253384912959381,5,29.09,464
2009-06-30,VWO,0.2,0.3798785776235907,1,31.82,1084
2009-06-30,QQQ,0.2,0.2592592592592593,2,36.38,2593
2009-06-30,SLV,0.2,0.2423398328690809,3,13.38,797
2009-06-30,USO,0.2,0.22671410090556265,4,303.44,811
2009-06-30,VEA,0.2,0.08675799086757974,5,28.56,486
2009-07-31,VWO,0.2,0.6436888681881696,1,35.29,1106
2009-07-31,QQQ,0.2,0.35753613214039937,2,39.45,2615
2009-07-31,VEA,0.2,0.3370025402201522,3,31.58,508
2009-07-31,VFH,0.2,0.326086956521739,4,26.23,1385
2009-07-31,USO,0.2,0.25975359342915816,5,294.48,833
2009-08-31,VFH,0.2,0.93993399339934,1,29.39,1406
2009-08-31,VWO,0.2,0.8052550231839257,2,35.04,1127
2009-08-31,VNQ,0.2,0.7461093819475324,3,39.27,1239
2009-08-31,VEA,0.2,0.6549648946840521,4,33.0,529
2009-08-31,VIS,0.2,0.6184164632019531,5,46.4,1239
2009-09-30,VNQ,0.2,0.7163561076604557,1,41.45,1260
2009-09-30,VWO,0.2,0.5778050778050778,2,38.53,1148
2009-09-30,VFH,0.2,0.5600835945663531,3,29.86,1427
2009-09-30,VEA,0.2,0.45215918712955094,4,34.3,550
2009-09-30,VIS,0.2,0.43957001743172563,5,49.55,1260
2009-10-30,USO,0.2,0.28664921465968596,1,314.56,897
2009-10-30,SLV,0.2,0.25253312548713946,2,16.07,883
2009-10-30,VWO,0.2,0.25083166999334683,3,37.6,1170
2009-10-30,VEA,0.2,0.23244641537324484,4,33.35,572
2009-10-30,VNQ,0.2,0.19205298013245042,5,39.6,1282
2009-11-30,VNQ,0.2,0.25894988066825775,1,42.2,1302
2009-11-30,VWO,0.2,0.2065868263473054,2,40.3,1190
2009-11-30,GLD,0.2,0.20008302200083028,3,115.64,1266
2009-11-30,QQQ,0.2,0.19538968166849635,4,43.56,2699
2009-11-30,VFH,0.2,0.1865369018653691,5,29.26,1469
2009-12-31,VNQ,0.2,0.4973226238286481,1,44.74,1324
2009-12-31,VWO,0.2,0.29911280101394166,2,41.0,1212
2009-12-31,VIS,0.2,0.293055903735272,3,51.58,1324
2009-12-31,QQQ,0.2,0.2851123595505618,4,45.75,2721
2009-12-31,SLV,0.2,0.25683890577507595,5,16.54,925
2010-01-29,VNQ,0.2,0.22949389179755664,1,42.27,1343
2010-01-29,SLV,0.2,0.19999999999999996,2,15.9,944
2010-01-29,GLD,0.2,0.1565160445317615,3,105.96,1307
2010-01-29,VIS,0.2,0.13492241960872509,4,50.47,1343
2010-01-29,VFH,0.2,0.10437452033768246,5,28.78,1510
2010-02-26,GLD,0.2,0.17932966914538206,1,109.43,1326
2010-02-26,SLV,0.2,0.14052519517388218,2,16.07,963
2010-02-26,VNQ,0.2,0.1393923921368394,3,44.63,1362
2010-02-26,VIS,0.2,0.12752820949542265,4,52.96,1362
2010-02-26,QQQ,0.2,0.11066997518610422,5,44.76,2759
2010-03-31,USO,0.2,0.17429320897697465,1,322.32,1000
2010-03-31,VNQ,0.2,0.16630824372759867,2,48.81,1385
2010-03-31,VIS,0.2,0.1491613418530351,3,57.55,1385
2010-03-31,QQQ,0.2,0.1406916153481761,4,48.16,2782
2010-03-31,GLD,0.2,0.11823873550241193,5,108.95,1349
2010-04-30,VNQ,0.2,0.35703165542293713,1,52.3,1406
2010-04-30,VIS,0.2,0.26017624842635345,2,60.06,1406
2010-04-30,QQQ,0.2,0.18965933800434898,3,49.24,2803
2010-04-30,VFH,0.2,0.1739745403111741,4,33.2,1573
2010-04-30,SLV,0.2,0.1513240857503153,5,18.26,1007
2010-05-28,VNQ,0.2,0.18162291169451072,1,49.51,1426
2010-05-28,VIS,0.2,0.0570158484731349,2,54.69,1426
2010-05-28,QQQ,0.2,0.03214124038026256,3,45.6,2823
2010-05-28,VFH,0.2,0.0316973415132924,4,30.27,1593
2010-05-28,GLD,0.2,0.019379180243525918,5,118.88,1390
2010-06-30,TLT,0.2,0.13395742783907272,1,101.75,1996
2010-06-30,GLD,0.2,0.13222294593840145,2,121.68,1412
2010-06-30,SLV,0.2,0.08328375966686519,3,18.21,1049
2010-06-30,IEI,0.2,0.045223853543592485,4,115.33,874
2010-06-30,VNQ,0.2,0.022882288228822878,5,46.49,1448
2010-07-30,VNQ,0.2,0.2053465814998816,1,50.95,1469
2010-07-30,VIS,0.2,0.10798494154943539,2,55.92,1469
2010-07-30,SLV,0.2,0.10566037735849054,3,17.58,1070
2010-07-30,VWO,0.2,0.0949267782426777,4,41.87,1357
2010-07-30,GLD,0.2,0.08993959984899957,5,115.49,1433
2010-08-31,TLT,0.2,0.19309814265303893,1,108.56,2039
2010-08-31,SLV,0.2,0.12544589774078485,2,18.93,1092
2010-08-31,VNQ,0.2,0.12001781340458706,3,50.3,1491
2010-08-31,GLD,0.2,0.09361282809280658,4,122.08,1455
2010-08-31,IEI,0.2,0.05025842095883082,5,117.86,917
2010-09-30,SLV,0.2,0.2149372862029646,1,21.31,1113
2010-09-30,TLT,0.2,0.1861720067453625,2,105.51,2060
2010-09-30,GLD,0.2,0.16007618356611641,3,127.91,1476
2010-09-30,IEI,0.2,0.06695542320880699,4,118.24,938
2010-09-30,VNQ,0.2,0.06155727680391343,5,52.08,1512
2010-10-29,SLV,0.2,0.31216069489685117,1,24.17,1134
2010-10-29,GLD,0.2,0.14594314352371907,2,132.62,1497
2010-10-29,VWO,0.2,0.10751417769376181,3,46.87,1421
2010-10-29,TLT,0.2,0.09521212782200905,4,100.42,2081
2010-10-29,IEI,0.2,0.06455083378160298,5,118.74,959
2010-11-30,SLV,0.2,0.5261401557285874,1,27.44,1155
2010-11-30,TQQQ,0.2,0.3600000000000001,2,0.34,202
2010-11-30,VWO,0.2,0.17220077220077212,3,45.54,1442
2010-11-30,GLD,0.2,0.1305727166471864,4,135.42,1518
2010-11-30,QQQ,0.2,0.12627027027027027,5,52.09,2951
2010-12-31,TQQQ,0.2,1.0526315789473686,1,0.39,224
2010-12-31,SLV,0.2,0.7285223367697593,2,30.18,1177
2010-12-31,VIS,0.2,0.29717830698419045,3,64.82,1576
2010-12-31,QQQ,0.2,0.2823169295973629,4,54.46,2973
2010-12-31,VWO,0.2,0.25718015665796345,5,48.15,1464
2011-01-31,TQQQ,0.2,0.6799999999999999,1,0.42,244
2011-01-31,SLV,0.2,0.5250556792873051,2,27.39,1197
2011-01-31,QQQ,0.2,0.19991429183629728,3,56.0,2993
2011-01-31,VIS,0.2,0.17851500789889418,4,67.14,1596
2011-01-31,SPY,0.2,0.14118481731110322,5,128.68,4535
2011-02-28,TQQQ,0.2,1.1428571428571428,1,0.45,263
2011-02-28,SLV,0.2,0.7705882352941176,2,33.11,1216
2011-02-28,QQQ,0.2,0.310869071931019,3,57.77,3012
2011-02-28,VIS,0.2,0.3067880166856276,4,68.92,1615
2011-02-28,SPY,0.2,0.24602283361407462,5,133.15,4554
2011-03-31,SLV,0.2,0.7254809948381045,1,36.77,1239
2011-03-31,TQQQ,0.2,0.5714285714285714,2,0.44,286
2011-03-31,USO,0.2,0.2227324913892077,3,340.8,1253
2011-03-31,VIS,0.2,0.21768472053988597,4,70.37,1638
2011-03-31,QQQ,0.2,0.17036886081108626,5,57.43,3035
2011-04-29,SLV,0.2,1.0008536064874094,1,46.88,1259
2011-04-29,TQQQ,0.2,0.4117647058823528,2,0.48,306
2011-04-29,USO,0.2,0.2757841198078552,3,361.2,1273
2011-04-29,VIS,0.2,0.20908024794773006,4,72.17,1658
2011-04-29,GLD,0.2,0.16100274306613827,5,152.37,1622
2011-05-31,SLV,0.2,0.4161958568738231,1,37.6,1280
2011-05-31,TQQQ,0.2,0.3142857142857145,2,0.46,327
2011-05-31,VHT,0.2,0.18958904109589025,3,65.13,1846
2011-05-31,VNQ,0.2,0.16548902937895127,4,62.68,1679
2011-05-31,VIS,0.2,0.14542777686896757,5,70.02,1679
2011-06-30,SLV,0.2,0.1370967741935485,1,33.84,1302
2011-06-30,VHT,0.2,0.1370081531371854,2,64.15,1868
2011-06-30,TQQQ,0.2,0.10256410256410242,3,0.43,349
2011-06-30,VNQ,0.2,0.08327325162220633,4,60.1,1701
2011-06-30,VPU,0.2,0.07160934941193986,5,71.98,1868
2011-07-29,SLV,0.2,0.42307692307692313,1,38.85,1322
2011-07-29,GLD,0.2,0.21499846484494922,2,158.29,1685
2011-07-29,TQQQ,0.2,0.09756097560975618,3,0.45,369
2011-07-29,VHT,0.2,0.08980024748099691,4,61.65,1888
2011-07-29,VNQ,0.2,0.08188585607940446,5,61.04,1721
2011-08-31,GLD,0.2,0.28698674777319133,1,177.72,1708
2011-08-31,SLV,0.2,0.21035308198683422,2,40.45,1345
2011-08-31,TLT,0.2,0.18842993559848997,3,107.03,2292
2011-08-31,IEI,0.2,0.06676048904916887,4,121.28,1170
2011-08-31,VPU,0.2,0.04199022145527742,5,72.46,1911
2011-09-30,TLT,0.2,0.31033734678381597,1,120.8,2313
2011-09-30,GLD,0.2,0.13548850574712645,2,158.06,1729
2011-09-30,IEI,0.2,0.06486676016830306,3,121.48,1191
2011-09-30,VPU,0.2,0.027019258407588342,4,71.46,1932
2011-09-30,SHY,0.2,0.009791044776119362,5,84.57,2313
2011-10-31,TLT,0.2,0.2305405118402888,1,115.88,2334
2011-10-31,GLD,0.2,0.11649319455564466,2,167.34,1750
2011-10-31,IEI,0.2,0.04794402211472004,3,121.31,1212
2011-10-31,VPU,0.2,0.03151464667499648,4,74.3,1953
2011-10-31,SHY,0.2,0.0055899143672693,5,84.55,2334
2011-11-30,TLT,0.2,0.2307371058676133,1,117.88,2355
2011-11-30,GLD,0.2,0.13799331103678925,2,170.13,1771
2011-11-30,VPU,0.2,0.04596740493104878,3,75.09,1974
2011-11-30,IEI,0.2,0.03423899156800969,4,121.43,1233
2011-11-30,SHY,0.2,0.002728027517495013,5,84.54,2355
2011-12-30,TLT,0.2,0.29499092171312613,1,121.25,2376
2011-12-30,VPU,0.2,0.054732510288065805,2,76.89,1995
2011-12-30,GLD,0.2,0.04871317187607804,3,151.99,1792
2011-12-30,IEI,0.2,0.04531049250535335,4,122.04,1254
2011-12-30,USO,0.2,0.025841184387617844,5,304.88,1443
2012-01-31,TLT,0.2,0.2259078920673565,1,120.85,2396
2012-01-31,GLD,0.2,0.0734846563530307,2,169.31,1812
2012-01-31,VHT,0.2,0.05440714403836622,3,63.76,2015
2012-01-31,QQQ,0.2,0.048501645591547016,4,60.53,3245
2012-01-31,VPU,0.2,0.03824064995097354,5,74.12,2015
2012-02-29,TQQQ,0.2,0.5428571428571431,1,0.54,516
2012-02-29,USO,0.2,0.20494699646643122,2,327.36,1483
2012-02-29,QQQ,0.2,0.17945431239699694,3,64.41,3265
2012-02-29,VIS,0.2,0.15759312320916918,4,68.68,1868
2012-02-29,SPY,0.2,0.12903757415952555,5,137.02,4807
2012-03-30,TQQQ,0.2,0.8787878787878787,1,0.62,538
2012-03-30,VFH,0.2,0.2828793774319065,2,32.97,2057
2012-03-30,QQQ,0.2,0.25371195248700795,3,67.55,3287
2012-03-30,VIS,0.2,0.2464599390571789,4,69.54,1890
2012-03-30,USO,0.2,0.22708789490147008,5,313.84,1505
2012-04-30,TQQQ,0.2,0.39534883720930236,1,0.6,558
2012-04-30,QQQ,0.2,0.13440951571792703,2,66.76,3307
2012-04-30,VNQ,0.2,0.11571233810497605,3,65.47,1910
2012-04-30,VFH,0.2,0.10227658851512045,4,32.44,2077
2012-04-30,VHT,0.2,0.10183366077275702,5,67.3,2077
2012-05-31,TQQQ,0.2,0.4242424242424241,1,0.47,580
2012-05-31,VNQ,0.2,0.16991017964071875,2,62.52,1932
2012-05-31,VFH,0.2,0.1658841940532083,3,29.8,2099
2012-05-31,QQQ,0.2,0.14122839279146748,4,62.06,3329
2012-05-31,VHT,0.2,0.11234610123119015,5,65.05,2099
2012-06-29,TQQQ,0.2,0.44444444444444464,1,0.52,601
2012-06-29,QQQ,0.2,0.14591891409180202,2,64.16,3350
2012-06-29,VHT,0.2,0.12345075016307883,3,68.89,2120
2012-06-29,VNQ,0.2,0.12326180257510733,4,65.43,1953
2012-06-29,VFH,0.2,0.11927927927927917,5,31.06,2120
2012-07-31,TQQQ,0.2,0.1777777777777778,1,0.53,622
2012-07-31,VPU,0.2,0.08837021046950877,2,80.67,2141
2012-07-31,VHT,0.2,0.08720200752823071,3,69.32,2141
2012-07-31,VNQ,0.2,0.0816855753646677,4,66.74,1974
2012-07-31,TLT,0.2,0.07323127844435251,5,129.7,2522
2012-08-31,TQQQ,0.2,0.16981132075471694,1,0.62,645
2012-08-31,TLT,0.2,0.09895026673550156,2,127.72,2545
2012-08-31,VHT,0.2,0.088830526803646,3,70.48,2164
2012-08-31,VNQ,0.2,0.07820326385522702,4,66.73,1997
2012-08-31,QQQ,0.2,0.06168224299065406,5,68.16,3394
2012-09-28,UNG,0.2,0.3404522613065326,1,341.44,614
2012-09-28,TLT,0.2,0.10713012477718364,2,124.22,2564
2012-09-28,VHT,0.2,0.08346899511617578,3,73.21,2183
2012-09-28,SLV,0.2,0.0669216061185467,4,33.48,1617
2012-09-28,GLD,0.2,0.060264001973846515,5,171.89,1980
2012-10-31,UNG,0.2,0.28639053254437874,1,347.84,635
2012-10-31,VHT,0.2,0.06975710900473953,2,72.23,2204
2012-10-31,TLT,0.2,0.05952074207678426,3,123.36,2585
2012-10-31,INDA,0.2,0.042158516020236014,4,24.72,184
2012-10-31,SLV,0.2,0.04025282767797744,5,31.27,1638
2012-11-30,INDA,0.2,0.23798076923076916,1,25.75,205
2012-11-30,UNG,0.2,0.21441334127456835,2,326.24,656
2012-11-30,SLV,0.2,0.2002967359050445,3,32.36,1659
2012-11-30,TQQQ,0.2,0.17021276595744705,4,0.55,706
2012-11-30,VEA,0.2,0.1565570992883769,5,34.13,1348
2012-12-31,INDA,0.2,0.23784804152902317,1,26.23,225
2012-12-31,VWO,0.2,0.16205636743215024,2,44.53,1966
2012-12-31,VEA,0.2,0.15546080682190877,3,35.23,1368
2012-12-31,TQQQ,0.2,0.14893617021276606,4,0.54,726
2012-12-31,SLV,0.2,0.14592274678111594,5,29.37,1679
2013-01-31,INDA,0.2,0.2257336343115124,1,27.15,246
2013-01-31,VFH,0.2,0.15907633098139828,2,36.14,2266
2013-01-31,VEA,0.2,0.14995284501729023,3,36.58,1389
2013-01-31,VIS,0.2,0.13269432379811286,4,75.63,2099
2013-01-31,SLV,0.2,0.11257309941520477,5,30.44,1700
2013-02-28,VFH,0.2,0.14929577464788735,1,36.72,2285
2013-02-28,VIS,0.2,0.13370392042129908,2,77.5,2118
2013-02-28,VHT,0.2,0.11301125837252379,3,78.1,2285
2013-02-28,VEA,0.2,0.09808685089583946,4,36.16,1408
2013-02-28,INDA,0.2,0.08597481545809815,5,25.01,265
2013-03-28,VFH,0.2,0.14685525127896493,1,38.11,2305
2013-03-28,VIS,0.2,0.14361397479954174,2,79.87,2138
2013-03-28,VHT,0.2,0.12739632902787235,3,82.92,2305
2013-03-28,UNG,0.2,0.11746680286006139,4,350.08,736
2013-03-28,VPU,0.2,0.08528620822128308,5,84.75,2305
2013-04-30,TQQQ,0.2,0.2592592592592593,1,0.68,808
2013-04-30,VFH,0.2,0.176913803496082,2,39.05,2327
2013-04-30,VHT,0.2,0.17595146166574738,3,85.28,2327
2013-04-30,VNQ,0.2,0.16713178294573638,4,75.28,2160
2013-04-30,VEA,0.2,0.15695744038635673,5,38.33,1450
2013-05-31,TQQQ,0.2,0.38888888888888884,1,0.75,830
2013-05-31,VFH,0.2,0.23400365630712971,2,40.5,2349
2013-05-31,VHT,0.2,0.2023513139695714,3,86.93,2349
2013-05-31,VIS,0.2,0.18199971473398957,4,82.87,2182
2013-05-31,SPY,0.2,0.1554503039728543,5,163.45,5121
2013-06-28,TQQQ,0.2,0.32692307692307687,1,0.69,850
2013-06-28,VHT,0.2,0.207913870246085,2,86.39,2369
2013-06-28,VFH,0.2,0.17728613569321539,3,39.91,2369
2013-06-28,VIS,0.2,0.1553164377743168,4,81.6,2202
2013-06-28,SPY,0.2,0.13322972591127424,5,160.42,5141
2013-07-31,TQQQ,0.2,0.4310344827586208,1,0.83,872
2013-07-31,VHT,0.2,0.20266425245732034,2,92.99,2391
2013-07-31,VFH,0.2,0.15920398009950243,3,41.94,2391
2013-07-31,VIS,0.2,0.1428948410080486,4,86.62,2224
2013-07-31,QQQ,0.2,0.13055804237541024,5,75.77,3621
2013-08-30,TQQQ,0.2,0.3666666666666667,1,0.82,894
2013-08-30,USO,0.2,0.18765432098765422,2,307.84,1861
2013-08-30,VHT,0.2,0.13590391908975974,3,89.85,2413
2013-08-30,QQQ,0.2,0.11510047281323854,4,75.47,3643
2013-08-30,VIS,0.2,0.08861578266494186,5,84.15,2246
2013-09-30,TQQQ,0.2,0.4687499999999998,1,0.94,914
2013-09-30,QQQ,0.2,0.14252607184240995,2,78.88,3663
2013-09-30,VIS,0.2,0.13843606724401436,3,89.39,2266
2013-09-30,VHT,0.2,0.10841366178745693,4,93.14,2433
2013-09-30,VEA,0.2,0.08796041781198438,5,39.58,1556
2013-10-31,TQQQ,0.2,0.5000000000000002,1,1.08,937
2013-10-31,VIS,0.2,0.16985138004246303,2,93.67,2289
2013-10-31,QQQ,0.2,0.14794786466999454,3,82.79,3686
2013-10-31,VHT,0.2,0.1256996268656716,4,96.54,2456
2013-10-31,SPY,0.2,0.08935985623102183,5,175.79,5228
2013-11-29,TQQQ,0.2,0.5657894736842104,1,1.19,957
2013-11-29,QQQ,0.2,0.1683019896429545,2,85.73,3706
2013-11-29,VIS,0.2,0.16638635271504087,3,97.09,2309
2013-11-29,VHT,0.2,0.16134203595557084,4,101.42,2476
2013-11-29,SPY,0.2,0.10130818375418316,5,181.0,5248
2013-12-31,TQQQ,0.2,0.8169014084507045,1,1.29,978
2013-12-31,QQQ,0.2,0.22609422916085875,2,87.96,3727
2013-12-31,VIS,0.2,0.2240577581987273,3,100.03,2330
2013-12-31,VEA,0.2,0.16489659027389592,4,41.68,1620
2013-12-31,VHT,0.2,0.1648807466297959,5,101.1,2497
2014-01-31,TQQQ,0.2,0.40697674418604657,1,1.21,999
2014-01-31,UNG,0.2,0.349330357142857,2,386.88,949
2014-01-31,QQQ,0.2,0.12712307290305702,3,86.27,3748
2014-01-31,VHT,0.2,0.09949823849685058,4,102.99,2518
2014-01-31,VIS,0.2,0.08882586500283596,5,95.98,2351
2014-02-28,TQQQ,0.2,0.7073170731707317,1,1.4,1018
2014-02-28,UNG,0.2,0.35835995740149085,2,408.16,968
2014-02-28,INDA,0.2,0.26091476091476107,3,24.26,517
2014-02-28,VHT,0.2,0.21273757919306435,4,109.11,2537
2014-02-28,QQQ,0.2,0.19766671085774878,5,90.34,3767
2014-03-31,TQQQ,0.2,0.36170212765957466,1,1.28,1039
2014-03-31,UNG,0.2,0.3214285714285714,2,390.72,989
2014-03-31,INDA,0.2,0.1783325902808739,3,26.43,538
2014-03-31,VHT,0.2,0.14475374732334045,4,106.92,2558
2014-03-31,VIS,0.2,0.1200311769290725,5,100.59,2391
2014-04-30,UNG,0.2,0.4595931830676194,1,424.8,1010
2014-04-30,TQQQ,0.2,0.15740740740740744,2,1.25,1060
2014-04-30,VPU,0.2,0.09797731790015196,3,93.91,2579
2014-04-30,INDA,0.2,0.09460580912863059,4,26.38,559
2014-04-30,VHT,0.2,0.08640576725025739,5,105.49,2579
2014-05-30,UNG,0.2,0.3347457627118644,1,403.2,1031
2014-05-30,TQQQ,0.2,0.23478260869565215,2,1.42,1081
2014-05-30,INDA,0.2,0.21200510855683263,3,28.47,580
2014-05-30,VNQ,0.2,0.1394355453852021,4,74.69,2433
2014-05-30,USO,0.2,0.11843276936776492,5,301.44,2048
2014-06-30,TQQQ,0.2,0.22834645669291342,1,1.56,1102
2014-06-30,INDA,0.2,0.21239298817774133,2,29.74,601
2014-06-30,VPU,0.2,0.16562198649951787,3,96.7,2621
2014-06-30,UNG,0.2,0.16147308781869696,4,393.6,1052
2014-06-30,VNQ,0.2,0.15333641547233778,5,74.84,2454
2014-07-31,TQQQ,0.2,0.319672131147541,1,1.61,1124
2014-07-31,INDA,0.2,0.26423109600679706,2,29.76,623
2014-07-31,VWO,0.2,0.16029723991507439,3,43.72,2364
2014-07-31,VNQ,0.2,0.11857825567503011,4,74.9,2476
2014-07-31,QQQ,0.2,0.09849710982658966,5,95.02,3873
2014-08-29,TQQQ,0.2,0.35036496350364965,1,1.85,1145
2014-08-29,INDA,0.2,0.2992884051904563,2,31.04,644
2014-08-29,VWO,0.2,0.18817063595917283,3,45.4,2385
2014-08-29,QQQ,0.2,0.11274673803947799,4,99.78,3894
2014-08-29,TLT,0.2,0.0919013115656242,5,119.05,3045
2014-09-30,TQQQ,0.2,0.33333333333333326,1,1.8,1166
2014-09-30,INDA,0.2,0.13027248973497585,2,30.28,665
2014-09-30,QQQ,0.2,0.10738706423046751,3,98.79,3915
2014-09-30,VHT,0.2,0.0856533036377134,4,116.99,2685
2014-09-30,TLT,0.2,0.0776717026601168,5,116.27,3066
2014-10-31,TQQQ,0.2,0.5,1,1.92,1189
2014-10-31,INDA,0.2,0.20887035633055362,2,31.89,688
2014-10-31,VHT,0.2,0.17168560606060623,3,123.73,2708
2014-10-31,QQQ,0.2,0.152927799886299,4,101.4,3938
2014-10-31,VFH,0.2,0.07997311827956999,5,48.21,2708
2014-11-28,TQQQ,0.2,0.5492957746478875,1,2.2,1208
2014-11-28,VHT,0.2,0.1765030844305313,2,127.78,2727
2014-11-28,QQQ,0.2,0.16213549660162263,3,106.01,3957
2014-11-28,INDA,0.2,0.09818056985925172,4,31.99,707
2014-11-28,TLT,0.2,0.08436614730878178,5,122.49,3108
2014-12-31,TQQQ,0.2,0.2530864197530862,1,2.03,1230
2014-12-31,TLT,0.2,0.13359740727403668,2,125.92,3130
2014-12-31,VHT,0.2,0.10350584307178634,3,125.59,2749
2014-12-31,VPU,0.2,0.08906150244732913,4,102.35,2749
2014-12-31,QQQ,0.2,0.08569926393270255,5,103.25,3979
2015-01-30,TLT,0.2,0.21319529742060017,1,138.28,3150
2015-01-30,TQQQ,0.2,0.17391304347826075,2,1.89,1250
2015-01-30,VPU,0.2,0.1622582796176928,3,104.58,2769
2015-01-30,VNQ,0.2,0.15554072096128158,4,86.55,2602
2015-01-30,VHT,0.2,0.147130153597413,5,127.71,2769
2015-02-27,TQQQ,0.2,0.26086956521739113,1,2.32,1269
2015-02-27,VHT,0.2,0.14341947629642315,2,133.62,2788
2015-02-27,TLT,0.2,0.09446556822982677,3,129.53,3169
2015-02-27,QQQ,0.2,0.08922829581993574,4,108.4,4018
2015-02-27,VNQ,0.2,0.08582964313623354,5,83.37,2621
2015-03-31,TQQQ,0.2,0.19444444444444442,1,2.15,1291
2015-03-31,VNQ,0.2,0.1675668190001387,2,84.31,2643
2015-03-31,VHT,0.2,0.14964370546318295,3,135.52,2810
2015-03-31,TLT,0.2,0.11767724279483449,4,130.69,3191
2015-03-31,QQQ,0.2,0.0704510897110997,5,105.6,4040
2015-04-30,TQQQ,0.2,0.21505376344086002,1,2.26,1312
2015-04-30,VHT,0.2,0.09695267982492362,2,132.83,2831
2015-04-30,QQQ,0.2,0.07436614094629657,3,107.63,4061
2015-04-30,VEA,0.2,0.06240369799691825,4,41.37,1954
2015-04-30,TLT,0.2,0.05671616746371355,5,125.95,3212
2015-05-29,TQQQ,0.2,0.13207547169811318,1,2.4,1332
2015-05-29,VHT,0.2,0.10695906895732721,2,139.82,2851
2015-05-29,QQQ,0.2,0.04969477298740932,3,110.05,4081
2015-05-29,VEA,0.2,0.039728438521498655,4,41.35,1974
2015-05-29,SPY,0.2,0.019458258896238645,5,211.14,5623
2015-06-30,VHT,0.2,0.0998821218074657,1,139.96,2873
2015-06-30,TQQQ,0.2,0.03738317757009346,2,2.22,1354
2015-06-30,VEA,0.2,0.031209362808842567,3,39.65,1996
2015-06-30,VWO,0.2,0.024304685542470672,4,40.88,2594
2015-06-30,QQQ,0.2,0.019520091411159735,5,107.07,4103
2015-07-31,TQQQ,0.2,0.3280423280423279,1,2.51,1376
2015-07-31,VHT,0.2,0.12739801111894122,2,143.98,2895
2015-07-31,QQQ,0.2,0.10731948565776461,3,111.95,4125
2015-07-31,VFH,0.2,0.08816013628620101,4,51.1,2895
2015-07-31,SPY,0.2,0.05540235648032099,5,210.5,5667
2015-08-31,IEI,0.2,0.006604696673189858,1,123.45,2175
2015-08-31,SHY,0.2,0.0023646252069047247,2,84.78,3297
2015-08-31,BIL,0.2,-0.0004373496610539096,3,91.42,2078
2015-08-31,VHT,0.2,-0.009946900007478998,4,132.38,2916
2015-08-31,VFH,0.2,-0.03732096025822074,5,47.72,2916
2015-09-30,IEI,0.2,0.002896451846488013,1,124.65,2196
2015-09-30,SHY,0.2,0.0012959472196041322,2,84.99,3318
2015-09-30,BIL,0.2,-0.0004375410194706886,3,91.38,2099
2015-09-30,QQQ,0.2,-0.03131841980009509,4,101.76,4167
2015-09-30,VPU,0.2,-0.03974398678641489,5,93.02,2937
2015-10-30,TQQQ,0.2,0.05508474576271194,1,2.49,1440
2015-10-30,QQQ,0.2,0.037535475601940815,2,113.33,4189
2015-10-30,IEI,0.2,0.0046213718177394725,3,123.91,2218
2015-10-30,SHY,0.2,0.0003537735849057366,4,84.83,3340
2015-10-30,TLT,0.2,-0.0004070666775217724,5,122.78,3340
2015-11-30,TQQQ,0.2,0.054166666666666696,1,2.53,1460
2015-11-30,QQQ,0.2,0.03588625420187164,2,114.02,4209
2015-11-30,TLT,0.2,0.016828533154721992,3,121.45,3360
2015-11-30,IEI,0.2,0.002684672958021439,4,123.25,2238
2015-11-30,VNQ,0.2,0.00025198437696860587,5,79.39,2812
2015-12-31,TQQQ,0.2,0.048458149779735615,1,2.38,1482
2015-12-31,VNQ,0.2,0.04756273814216283,2,79.73,2834
2015-12-31,TLT,0.2,0.03948275862068962,3,120.58,3382
2015-12-31,QQQ,0.2,0.03622047244094495,4,111.86,4231
2015-12-31,VPU,0.2,0.025772632958392716,5,93.93,3001
2016-01-29,TLT,0.2,0.04661678862122831,1,127.3,3401
2016-01-29,VPU,0.2,0.04628151931056501,2,98.34,3020
2016-01-29,GLD,0.2,0.025702503116908026,3,106.95,2817
2016-01-29,IEI,0.2,0.016723494073713097,4,125.24,2279
2016-01-29,SHY,0.2,0.0016515276630884035,5,84.91,3401
2016-02-29,GLD,0.2,0.10127169776292577,1,118.64,2837
2016-02-29,VPU,0.2,0.07669965576592097,2,100.09,3040
2016-02-29,TLT,0.2,0.07360655737704902,3,130.98,3421
2016-02-29,SLV,0.2,0.02898550724637672,4,14.2,2474
2016-02-29,IEI,0.2,0.0165683342762466,5,125.78,2299
2016-03-31,TQQQ,0.2,0.2529411764705882,1,2.13,1543
2016-03-31,VPU,0.2,0.17583378895571355,2,107.53,3062
2016-03-31,VIS,0.2,0.12548138639281126,3,105.21,2895
2016-03-31,VNQ,0.2,0.11867574422640503,4,83.8,2895
2016-03-31,QQQ,0.2,0.09781843771991561,5,109.2,4292
2016-04-29,GLD,0.2,0.11617620509117166,1,123.65,2880
2016-04-29,SLV,0.2,0.11271297509829625,2,16.98,2517
2016-04-29,VPU,0.2,0.11154454401686897,3,105.43,3083
2016-04-29,TLT,0.2,0.044819510619397596,4,129.38,3464
2016-04-29,VIS,0.2,0.027836845157548806,5,106.34,2916
2016-05-31,VPU,0.2,0.15737740332685246,1,107.15,3104
2016-05-31,GLD,0.2,0.14627160493827174,2,116.06,2901
2016-05-31,SLV,0.2,0.12852897473997027,3,15.19,2538
2016-05-31,TLT,0.2,0.07596924857402665,4,130.16,3485
2016-05-31,VNQ,0.2,0.04613653413353336,5,83.67,2937
2016-06-30,SLV,0.2,0.35276305828917476,1,17.87,2560
2016-06-30,GLD,0.2,0.24699270360875558,2,126.47,2923
2016-06-30,VPU,0.2,0.20539004105695335,3,114.5,3126
2016-06-30,TLT,0.2,0.1571142952349216,4,138.9,3507
2016-06-30,VNQ,0.2,0.10244933482531393,5,88.67,2959
2016-07-29,SLV,0.2,0.4238410596026492,1,19.35,2580
2016-07-29,TQQQ,0.2,0.3085106382978724,2,2.46,1627
2016-07-29,GLD,0.2,0.20598410472183248,3,128.98,2943
2016-07-29,VWO,0.2,0.20142718131689907,4,37.04,2867
2016-07-29,VNQ,0.2,0.2008052993895313,5,92.45,2979
2016-08-31,UNG,0.2,0.45941278065630375,1,135.2,1600
2016-08-31,TQQQ,0.2,0.31770833333333326,2,2.53,1650
2016-08-31,SLV,0.2,0.2220689655172412,3,17.72,2603
2016-08-31,VWO,0.2,0.14193943101866013,4,37.33,2890
2016-08-31,INDA,0.2,0.1417535728080339,5,29.56,1149
2016-09-30,SLV,0.2,0.2816901408450705,1,18.2,2624
2016-09-30,TQQQ,0.2,0.22935779816513757,2,2.68,1671
2016-09-30,UNG,0.2,0.22580645161290303,3,133.76,1621
2016-09-30,USO,0.2,0.20374449339207046,4,87.44,2638
2016-09-30,VWO,0.2,0.09997076878105826,5,37.63,2911
2016-10-31,TQQQ,0.2,0.3264248704663213,1,2.56,1692
2016-10-31,UNG,0.2,0.19703703703703712,2,129.28,1642
2016-10-31,VWO,0.2,0.11455565397106593,3,37.75,2932
2016-10-31,QQQ,0.2,0.10649768277688443,4,116.99,4441
2016-10-31,INDA,0.2,0.09255079006772005,5,29.04,1191
2016-11-30,TQQQ,0.2,0.17808219178082196,1,2.58,1713
2016-11-30,VFH,0.2,0.16578411405295324,2,57.24,3232
2016-11-30,UNG,0.2,0.1627586206896552,3,134.88,1663
2016-11-30,VIS,0.2,0.11701229238997857,4,119.04,3065
2016-11-30,VWO,0.2,0.06404230317273796,5,36.22,2953
2016-12-30,TQQQ,0.2,0.30541871921182273,1,2.65,1734
2016-12-30,VFH,0.2,0.2587486744432663,2,59.35,3253
2016-12-30,VIS,0.2,0.11760847155842957,3,119.26,3086
2016-12-30,QQQ,0.2,0.09622501850481124,4,118.48,4483
2016-12-30,SPY,0.2,0.06483422256097571,5,223.53,6025
2017-01-31,TQQQ,0.2,0.22799999999999998,1,3.07,1754
2017-01-31,VFH,0.2,0.21157766000815315,2,59.44,3273
2017-01-31,USO,0.2,0.20297555791710953,3,90.56,2721
2017-01-31,VIS,0.2,0.09796622480479389,4,120.93,3106
2017-01-31,QQQ,0.2,0.07536256906077332,5,124.57,4503
2017-02-28,TQQQ,0.2,0.3647058823529412,1,3.48,1773
2017-02-28,VFH,0.2,0.2481474063689164,2,62.32,3292
2017-02-28,VIS,0.2,0.11955937667920491,3,125.01,3125
2017-02-28,QQQ,0.2,0.11337557800993325,4,130.02,4522
2017-02-28,SPY,0.2,0.08826913341617204,5,236.47,6064
2017-03-31,TQQQ,0.2,0.4045801526717556,1,3.68,1796
2017-03-31,VFH,0.2,0.2419387964674471,2,60.47,3315
2017-03-31,VIS,0.2,0.12635411925352757,3,123.73,3148
2017-03-31,QQQ,0.2,0.12338764426340787,4,132.38,4545
2017-03-31,SPY,0.2,0.09809949692565678,5,235.74,6087
2017-04-28,TQQQ,0.2,0.4981132075471699,1,3.97,1815
2017-04-28,VFH,0.2,0.19048562933597624,2,60.06,3334
2017-04-28,VIS,0.2,0.16360446865478706,3,126.03,3167
2017-04-28,QQQ,0.2,0.14875823618854556,4,135.99,4564
2017-04-28,SPY,0.2,0.11387667259286993,5,238.08,6106
2017-05-31,TQQQ,0.2,0.6780303030303028,1,4.43,1837
2017-05-31,INDA,0.2,0.22460496613995473,2,32.55,1336
2017-05-31,QQQ,0.2,0.19201889816923967,3,141.29,4586
2017-05-31,VEA,0.2,0.16001117006422771,4,41.54,2479
2017-05-31,VWO,0.2,0.12728278915329283,5,40.74,3077
2017-06-30,TQQQ,0.2,0.4908424908424909,1,4.07,1859
2017-06-30,INDA,0.2,0.20359955005624286,2,32.1,1358
2017-06-30,VHT,0.2,0.15929830081812457,3,147.37,3378
2017-06-30,QQQ,0.2,0.14977863169325856,4,137.64,4608
2017-06-30,VWO,0.2,0.13511259382819008,5,40.83,3099
2017-07-31,TQQQ,0.2,0.4822006472491911,1,4.58,1879
2017-07-31,INDA,0.2,0.21028531172948206,2,34.36,1378
2017-07-31,VHT,0.2,0.1575700788631218,3,148.25,3398
2017-07-31,QQQ,0.2,0.147492389040218,4,143.23,4628
2017-07-31,VWO,0.2,0.13722897937599154,5,43.01,3119
2017-08-31,TQQQ,0.2,0.3549295774647887,1,4.81,1902
2017-08-31,INDA,0.2,0.14233087742799722,2,34.11,1401
2017-08-31,VWO,0.2,0.13764766307139187,3,44.3,3142
2017-08-31,QQQ,0.2,0.11586017401923354,4,146.2,4651
2017-08-31,VEA,0.2,0.10155440414507777,5,42.52,2544
2017-09-29,TQQQ,0.2,0.2934782608695652,1,4.76,1922
2017-09-29,VHT,0.2,0.1049194601654333,2,152.28,3441
2017-09-29,VEA,0.2,0.1045801526717558,3,43.41,2564
2017-09-29,QQQ,0.2,0.09873092612177059,4,145.45,4671
2017-09-29,VWO,0.2,0.09692849949647542,5,43.57,3162
2017-10-31,TQQQ,0.2,0.33251231527093617,1,5.41,1944
2017-10-31,QQQ,0.2,0.11066501204467483,2,152.15,4693
2017-10-31,VFH,0.2,0.10484668644906026,3,67.02,3463
2017-10-31,VWO,0.2,0.10442959663449658,4,44.63,3184
2017-10-31,USO,0.2,0.10070493454179252,5,87.44,2911
2017-11-30,TQQQ,0.2,0.2332613390928726,1,5.71,1965
2017-11-30,USO,0.2,0.16328600405679516,2,91.76,2932
2017-11-30,VFH,0.2,0.1625335120643432,3,69.38,3484
2017-11-30,VIS,0.2,0.09085256858630619,4,140.36,3317
2017-11-30,SPY,0.2,0.08535037064340423,5,265.01,6256
2017-12-29,TQQQ,0.2,0.42014742014742,1,5.78,1985
2017-12-29,USO,0.2,0.26421052631578945,2,96.08,2952
2017-12-29,QQQ,0.2,0.13164777680906714,3,155.76,4734
2017-12-29,VWO,0.2,0.1244183198628459,4,45.91,3225
2017-12-29,INDA,0.2,0.12367601246105919,5,36.07,1484
2018-01-31,TQQQ,0.2,0.600867678958785,1,7.38,2006
2018-01-31,USO,0.2,0.2864222001982162,2,103.84,2973
2018-01-31,QQQ,0.2,0.17999442741710792,3,169.4,4755
2018-01-31,VIS,0.2,0.16018698870276582,4,148.91,3358
2018-01-31,VFH,0.2,0.15669426652085616,5,74.04,3525
2018-02-28,TQQQ,0.2,0.5503355704697988,1,6.93,2025
2018-02-28,USO,0.2,0.2980062959076599,2,98.96,2992
2018-02-28,QQQ,0.2,0.1741450740818764,3,167.21,4774
2018-02-28,VFH,0.2,0.15748031496063009,4,72.03,3544
2018-02-28,VIS,0.2,0.124555722296817,5,142.38,3377
2018-03-29,TQQQ,0.2,0.2847965738758029,1,6.0,2046
2018-03-29,USO,0.2,0.24429657794676807,2,104.72,3013
2018-03-29,QQQ,0.2,0.10847293368406463,3,160.13,4795
2018-03-29,VWO,0.2,0.08977035490605423,4,46.98,3286
2018-03-29,VFH,0.2,0.06844047985235324,5,69.47,3565
2018-04-30,USO,0.2,0.30558183538315986,1,110.4,3034
2018-04-30,TQQQ,0.2,0.21836734693877546,2,5.97,2067
2018-04-30,QQQ,0.2,0.0951279259662492,3,160.94,4816
2018-04-30,GLD,0.2,0.03540264273248561,4,124.59,3383
2018-04-30,SPY,0.2,0.03477818637039354,5,264.51,6358
2018-05-31,TQQQ,0.2,0.1887755102040818,1,6.99,2089
2018-05-31,USO,0.2,0.17012089810017272,2,108.4,3056
2018-05-31,QQQ,0.2,0.08608467973689238,3,170.07,4838
2018-05-31,SPY,0.2,0.030699585346368963,4,270.94,6380
2018-05-31,VHT,0.2,0.024153645833333348,5,157.31,3608
2018-06-29,USO,0.2,0.25814536340852134,1,120.48,3077
2018-06-29,TQQQ,0.2,0.21222410865874375,2,7.14,2110
2018-06-29,QQQ,0.2,0.09519555924200862,3,171.65,4859
2018-06-29,UNG,0.2,0.02864583333333326,4,94.8,2060
2018-06-29,VHT,0.2,0.025056360708534564,5,159.14,3629
2018-07-31,USO,0.2,0.10697674418604652,1,114.24,3098
2018-07-31,VPU,0.2,0.05465605152518105,2,117.9,3650
2018-07-31,TQQQ,0.2,0.05349794238683114,3,7.68,2131
2018-07-31,VNQ,0.2,0.04983984625240234,4,81.94,3483
2018-07-31,QQQ,0.2,0.04593953764078251,5,176.45,4880
2018-08-31,TQQQ,0.2,0.29327610872675236,1,9.04,2154
2018-08-31,USO,0.2,0.1683876092136618,2,117.68,3121
2018-08-31,VNQ,0.2,0.13244408515225015,3,84.05,3506
2018-08-31,VHT,0.2,0.11625267935947536,4,177.06,3673
2018-08-31,QQQ,0.2,0.11213728177322291,5,186.65,4903
2018-09-28,TQQQ,0.2,0.6282051282051284,1,8.89,2173
2018-09-28,USO,0.2,0.2182103610675039,2,124.16,3140
2018-09-28,VHT,0.2,0.20498263425060115,3,180.41,3692
2018-09-28,QQQ,0.2,0.1947141662915568,4,185.79,4922
2018-09-28,SPY,0.2,0.1291412591758263,5,290.72,6464
2018-10-31,UNG,0.2,0.1967727476467951,1,106.8,2146
2018-10-31,VHT,0.2,0.095447967372714,2,166.53,3715
2018-10-31,TQQQ,0.2,0.07755775577557777,3,6.53,2196
2018-10-31,QQQ,0.2,0.04956736711990106,4,169.82,4945
2018-10-31,VPU,0.2,0.04257737366672498,5,119.25,3715
2018-11-30,UNG,0.2,0.5766793409378961,1,149.28,2167
2018-11-30,VHT,0.2,0.1109023733483625,2,177.4,3736
2018-11-30,VPU,0.2,0.10910230018795297,3,123.92,3736
2018-11-30,VNQ,0.2,0.025647441511322366,4,81.98,3569
2018-11-30,SPY,0.2,0.002728264823572246,5,275.65,6508
2018-12-31,UNG,0.2,0.04261603375527434,1,98.84,2186
2018-12-31,GLD,0.2,0.021913190054782872,2,121.25,3552
2018-12-31,VPU,0.2,0.01612625043118321,3,117.83,3755
2018-12-31,IEI,0.2,0.011666666666666714,4,121.4,3014
2018-12-31,VHT,0.2,0.00917431192660545,5,160.6,3755
2019-01-31,UNG,0.2,0.10828583954405979,1,101.12,2207
2019-01-31,GLD,0.2,0.07552375204759043,2,124.75,3573
2019-01-31,VPU,0.2,0.036556403731976106,3,122.21,3776
2019-01-31,SLV,0.2,0.03011635865845319,4,15.05,3210
2019-01-31,IEI,0.2,0.02142797354984527,5,122.03,3035
2019-02-28,GLD,0.2,0.08203159088925727,1,123.99,3592
2019-02-28,VPU,0.2,0.06600050382063993,2,126.95,3795
2019-02-28,UNG,0.2,0.05144557823129259,3,98.92,2226
2019-02-28,SLV,0.2,0.045746962115797096,4,14.63,3229
2019-02-28,IEI,0.2,0.012496875781054628,5,121.53,3054
2019-03-29,VPU,0.2,0.12568400938070012,1,129.6,3816
2019-03-29,VNQ,0.2,0.09707144660439271,2,86.91,3649
2019-03-29,GLD,0.2,0.07925696594427256,3,122.01,3613
2019-03-29,TLT,0.2,0.0760851063829786,4,126.44,4197
2019-03-29,INDA,0.2,0.06270726560144713,5,35.25,1796
2019-04-30,TQQQ,0.2,0.2255192878338279,1,8.26,2318
2019-04-30,INDA,0.2,0.2025059261767692,2,35.51,1817
2019-04-30,VWO,0.2,0.15145888594164436,3,43.41,3558
2019-04-30,VIS,0.2,0.11997549957889886,4,146.28,3670
2019-04-30,QQQ,0.2,0.1080322693791651,5,189.54,5067
2019-05-31,TLT,0.2,0.14624815233457955,1,131.83,4240
2019-05-31,INDA,0.2,0.10571604179471406,2,35.98,1839
2019-05-31,TQQQ,0.2,0.09790209790209792,3,6.28,2340
2019-05-31,VNQ,0.2,0.07978128495091341,4,86.89,3692
2019-05-31,GLD,0.2,0.07290126141800779,5,123.33,3656
2019-06-28,TQQQ,0.2,0.6967032967032967,1,7.72,2360
2019-06-28,USO,0.2,0.2515592515592515,2,96.32,3327
2019-06-28,VIS,0.2,0.2201857896058248,3,145.8,3712
2019-06-28,QQQ,0.2,0.2201241424371121,4,186.74,5109
2019-06-28,SPY,0.2,0.1811182327568832,5,293.0,6651
2019-07-31,TQQQ,0.2,0.4564831261101243,1,8.2,2382
2019-07-31,QQQ,0.2,0.15342829550941572,2,191.1,5131
2019-07-31,SPY,0.2,0.11155542267733032,3,297.43,6673
2019-07-31,VPU,0.2,0.10772442588726516,4,132.65,3901
2019-07-31,VIS,0.2,0.1010116148370177,5,146.93,3734
2019-08-30,TLT,0.2,0.23154109875407647,1,147.28,4304
2019-08-30,SLV,0.2,0.21201413427561833,2,17.15,3357
2019-08-30,GLD,0.2,0.18254359986837776,3,143.75,3720
2019-08-30,TQQQ,0.2,0.16129032258064524,4,7.56,2404
2019-08-30,VNQ,0.2,0.09642135299013188,5,92.22,3756
2019-09-30,TLT,0.2,0.15043820857119883,1,143.08,4324
2019-09-30,GLD,0.2,0.1426808195507283,2,138.87,3740
2019-09-30,SLV,0.2,0.12508833922261475,3,15.92,3377
2019-09-30,VPU,0.2,0.11590149926202131,4,143.65,3943
2019-09-30,VNQ,0.2,0.07356665899148052,5,93.25,3776
2019-10-31,SLV,0.2,0.21203438395415475,1,16.92,3400
2019-10-31,GLD,0.2,0.18052217157065886,2,142.43,3763
2019-10-31,TLT,0.2,0.14216399805919466,3,141.24,4347
2019-10-31,VPU,0.2,0.09563009693799063,4,142.41,3966
2019-10-31,VNQ,0.2,0.07562450096954487,5,94.3,3799
2019-11-29,TQQQ,0.2,0.653061224489796,1,9.72,2467
2019-11-29,QQQ,0.2,0.2056195626616506,2,205.1,5216
2019-11-29,SLV,0.2,0.1478010093727471,3,15.92,3420
2019-11-29,SPY,0.2,0.14473540445059552,4,314.31,6758
2019-11-29,VFH,0.2,0.1421605972878257,5,74.96,3986
2019-12-31,TQQQ,0.2,0.3308733087330873,1,10.82,2488
2019-12-31,SLV,0.2,0.1672498250524843,2,16.68,3441
2019-12-31,QQQ,0.2,0.11894110836271787,3,212.61,5237
2019-12-31,VFH,0.2,0.09676491732566506,4,76.28,4007
2019-12-31,USO,0.2,0.09487179487179498,5,102.48,3455
2020-01-31,TQQQ,0.2,0.4474660074165637,1,11.71,2509
2020-01-31,QQQ,0.2,0.15209045490402318,2,219.07,5258
2020-01-31,VPU,0.2,0.13176558417319906,3,151.6,4028
2020-01-31,SLV,0.2,0.0964797913950457,4,16.82,3462
2020-01-31,GLD,0.2,0.09471446374899206,5,149.33,3825
2020-02-28,TQQQ,0.2,0.32280219780219777,1,9.63,2528
2020-02-28,QQQ,0.2,0.1118915122372901,2,205.8,5277
2020-02-28,TLT,0.2,0.05081190798376167,3,155.31,4428
2020-02-28,VHT,0.2,0.04171866642895328,4,175.29,4047
2020-02-28,SPY,0.2,0.025511440340614033,5,296.26,6819
2020-03-31,TLT,0.2,0.15299133351970906,1,164.97,4450
2020-03-31,GLD,0.2,0.06610499027867789,2,148.05,3866
2020-03-31,IEI,0.2,0.05157728706624609,3,133.34,3328
2020-03-31,SHY,0.2,0.021810893657156383,4,86.67,4450
2020-03-31,QQQ,0.2,0.008421164133255665,5,190.4,5299
2020-04-30,TLT,0.2,0.21397888605751736,1,166.74,4471
2020-04-30,GLD,0.2,0.13226381461675585,2,158.8,3887
2020-04-30,QQQ,0.2,0.1166598653336055,3,218.91,5320
2020-04-30,VHT,0.2,0.0749657690552259,4,188.42,4090
2020-04-30,IEI,0.2,0.0571632442717831,5,133.34,3349
2020-05-29,GLD,0.2,0.1827355887904747,1,162.91,3907
2020-05-29,TLT,0.2,0.15914405158364642,2,163.59,4491
2020-05-29,QQQ,0.2,0.1405112164605835,3,233.36,5340
2020-05-29,TQQQ,0.2,0.07253886010362676,4,10.35,2591
2020-05-29,VHT,0.2,0.057096774193548416,5,196.62,4110
2020-06-30,TLT,0.2,0.19814354626516595,1,163.93,4513
2020-06-30,GLD,0.2,0.17345579471359462,2,167.37,3929
2020-06-30,QQQ,0.2,0.16676876678761587,3,247.6,5362
2020-06-30,TQQQ,0.2,0.13475836431226784,4,12.21,2613
2020-06-30,IEI,0.2,0.06179998411311449,5,133.67,3391
2020-07-31,SLV,0.2,0.34661117717003553,1,22.65,3588
2020-07-31,TQQQ,0.2,0.27412467976088806,2,14.92,2635
2020-07-31,GLD,0.2,0.24174646755507934,3,185.43,3951
2020-07-31,QQQ,0.2,0.2132651663851739,4,265.79,5384
2020-07-31,TLT,0.2,0.1720356408498971,5,171.0,4535
2020-08-31,TQQQ,0.2,1.0353178607467206,1,20.17,2656
2020-08-31,SLV,0.2,0.6373283395755307,2,26.23,3609
2020-08-31,QQQ,0.2,0.40767615046782524,3,294.88,5405
2020-08-31,GLD,0.2,0.2010526999805058,4,184.83,3972
2020-08-31,SPY,0.2,0.16343591793232082,5,349.31,6947
2020-09-30,TQQQ,0.2,2.134099616858238,1,16.36,2677
2020-09-30,SLV,0.2,0.6620583717357913,2,21.64,3630
2020-09-30,QQQ,0.2,0.5239975865284403,3,277.84,5426
2020-09-30,INDA,0.2,0.516345723242275,4,33.86,2176
2020-09-30,VIS,0.2,0.3779744907671807,5,144.77,4029
2020-10-30,TQQQ,0.2,0.7858880778588806,1,14.68,2699
2020-10-30,SLV,0.2,0.5969498910675382,2,21.99,3652
2020-10-30,USO,0.2,0.28368073207930844,3,25.25,3666
2020-10-30,INDA,0.2,0.2627819548872181,4,33.59,2198
2020-10-30,QQQ,0.2,0.2516494749558591,5,269.38,5448
2020-11-30,TQQQ,0.2,0.8492509363295881,1,19.75,2719
2020-11-30,VIS,0.2,0.2869451496268942,2,167.29,4071
2020-11-30,QQQ,0.2,0.2715698340618766,3,299.62,5468
2020-11-30,INDA,0.2,0.26447140381282486,4,36.48,2218
2020-11-30,SLV,0.2,0.25,5,21.05,3672
2020-12-31,TQQQ,0.2,0.7606506584043378,1,22.73,2741
2020-12-31,SLV,0.2,0.4703770197486534,2,24.57,3694
2020-12-31,INDA,0.2,0.3243332235758971,3,40.22,2240
2020-12-31,VIS,0.2,0.3076153846153846,4,169.99,4093
2020-12-31,VFH,0.2,0.28960878031509996,5,72.85,4260
2021-01-29,TQQQ,0.2,0.597457627118644,1,22.62,2760
2021-01-29,VFH,0.2,0.21634452356731093,2,71.74,4279
2021-01-29,USO,0.2,0.21603871413757347,3,35.18,3727
2021-01-29,INDA,0.2,0.21515057435579021,4,39.14,2259
2021-01-29,VIS,0.2,0.20926482445209982,5,164.98,4112
2021-02-26,USO,0.2,0.335596508244423,1,41.31,3746
2021-02-26,VFH,0.2,0.3213579433091629,2,80.18,4298
2021-02-26,INDA,0.2,0.21103896103896091,3,41.03,2278
2021-02-26,VIS,0.2,0.20156782549420593,4,176.27,4131
2021-02-26,VWO,0.2,0.17008470798038355,5,52.49,4019
2021-03-31,USO,0.2,0.46317689530685935,1,40.53,3769
2021-03-31,VFH,0.2,0.46143203043929426,2,84.5,4321
2021-03-31,TQQQ,0.2,0.42180685358255454,3,22.82,2802
2021-03-31,VIS,0.2,0.30378177309361454,4,189.27,4154
2021-03-31,INDA,0.2,0.25535714285714284,5,42.18,2301
2021-04-30,TQQQ,0.2,0.7922769640479363,1,26.92,2823
2021-04-30,USO,0.2,0.6446218167996962,2,43.27,3790
2021-04-30,VFH,0.2,0.5397805212620026,3,89.8,4342
2021-04-30,VIS,0.2,0.3833615580016936,4,196.05,4175
2021-04-30,VNQ,0.2,0.30231335436382745,5,99.08,4175
2021-05-28,USO,0.2,0.44788014026139633,1,45.42,3810
2021-05-28,TQQQ,0.2,0.34082592786199695,2,25.65,2843
2021-05-28,VFH,0.2,0.3273243435060327,3,93.51,4362
2021-05-28,INDA,0.2,0.20195439739413668,4,44.28,2342
2021-05-28,SLV,0.2,0.19244935543278086,5,25.9,3796
2021-06-30,USO,0.2,0.521659548505186,1,49.88,3832
2021-06-30,UNG,0.2,0.47796610169491527,2,52.32,2815
2021-06-30,TQQQ,0.2,0.35831485587583134,3,30.63,2865
2021-06-30,VFH,0.2,0.2639742873113471,4,90.45,4384
2021-06-30,VNQ,0.2,0.21671049486014837,5,101.79,4217
2021-07-30,TQQQ,0.2,0.4672855879752429,1,33.19,2886
2021-07-30,UNG,0.2,0.46227417640807644,2,55.04,2836
2021-07-30,USO,0.2,0.44002274019329146,3,50.66,3853
2021-07-30,VFH,0.2,0.2571787008642321,4,90.19,4405
2021-07-30,VNQ,0.2,0.2510593220338986,5,106.29,4238
2021-08-31,TQQQ,0.2,0.7719298245614035,1,37.37,2908
2021-08-31,UNG,0.2,0.45904761904761915,2,61.28,2858
2021-08-31,VNQ,0.2,0.24933839604188246,3,108.58,4260
2021-08-31,QQQ,0.2,0.22897528787682742,4,379.95,5657
2021-08-31,SPY,0.2,0.18389177284882807,5,451.56,7199
2021-09-30,UNG,0.2,1.0783505154639177,1,80.64,2879
2021-09-30,TQQQ,0.2,0.29858215179316105,2,31.14,2929
2021-09-30,USO,0.2,0.2562141491395793,3,52.56,3896
2021-09-30,INDA,0.2,0.1488909863142991,4,48.69,2428
2021-09-30,QQQ,0.2,0.1028745725113227,5,357.96,5678
2021-10-29,UNG,0.2,0.7365945437441204,1,73.84,2900
2021-10-29,TQQQ,0.2,0.46487915407854974,2,38.79,2950
2021-10-29,USO,0.2,0.29945429740791285,3,57.15,3917
2021-10-29,INDA,0.2,0.17630057803468202,4,48.84,2449
2021-10-29,QQQ,0.2,0.14848746244683064,5,386.11,5699
2021-11-30,TQQQ,0.2,0.6008617312965137,1,40.87,2971
2021-11-30,UNG,0.2,0.3975903614457832,2,60.32,2921
2021-11-30,QQQ,0.2,0.18097579992203183,3,393.82,5720
2021-11-30,TLT,0.2,0.09427560817151526,4,151.59,4871
2021-11-30,SPY,0.2,0.08381509766136142,5,455.56,7262
2021-12-31,TQQQ,0.2,0.3125,1,41.58,2993
2021-12-31,VNQ,0.2,0.13136337039204204,2,116.01,4345
2021-12-31,VPU,0.2,0.11316725978647701,3,156.4,4512
2021-12-31,QQQ,0.2,0.10932968993977266,4,397.85,5742
2021-12-31,SPY,0.2,0.0950843862399704,5,474.96,7284
2022-01-31,USO,0.2,0.2704351362342414,1,62.48,3980
2022-01-31,UNG,0.2,0.22727272727272751,2,68.04,2963
2022-01-31,VFH,0.2,0.06688888888888878,3,96.02,4532
2022-01-31,VPU,0.2,0.04018993875163446,4,151.15,4532
2022-01-31,SPY,0.2,0.028154208277154424,5,449.91,7304
2022-02-28,USO,0.2,0.4014537902388371,1,67.48,3999
2022-02-28,GLD,0.2,0.04812268640930717,2,178.38,4348
2022-02-28,SLV,0.2,0.012987012987013102,3,22.62,3985
2022-02-28,UNG,0.2,0.007822685788787531,4,61.84,2982
2022-02-28,BIL,0.2,-0.0005466870763174425,5,91.41,3713
2022-03-31,USO,0.2,0.41019786910197875,1,74.12,4022
2022-03-31,VPU,0.2,0.16292942360212748,2,161.81,4574
2022-03-31,SLV,0.2,0.1150097465886939,3,22.88,4008
2022-03-31,GLD,0.2,0.10004871513822922,4,180.65,4371
2022-03-31,VNQ,0.2,0.0647474945961879,5,108.37,4407
2022-04-29,USO,0.2,0.3442508710801393,1,77.16,4042
2022-04-29,UNG,0.2,0.29668049792531104,2,100.0,3025
2022-04-29,VIXY,0.2,0.18699654775604135,3,412.6,335
2022-04-29,GLD,0.2,0.052534507377439255,4,176.91,4391
2022-04-29,VPU,0.2,0.05229869423286182,5,154.73,4594
2022-05-31,UNG,0.2,0.7575566750629723,1,111.64,3046
2022-05-31,USO,0.2,0.7036077337054016,2,85.47,4063
2022-05-31,VPU,0.2,0.0911605937921729,3,161.71,4615
2022-05-31,GLD,0.2,0.027127595726803344,4,171.14,4412
2022-05-31,BIL,0.2,0.00010936132983374591,5,91.45,3777
2022-06-30,UNG,0.2,0.4921507064364208,1,76.04,3067
2022-06-30,USO,0.2,0.45878721859114013,2,80.35,4084
2022-06-30,VIXY,0.2,0.19281045751633985,3,365.0,377
2022-06-30,BIL,0.2,0.0007656967840734552,4,91.49,3798
2022-06-30,GLD,0.2,-0.0007711014888189816,5,168.46,4433
2022-07-29,UNG,0.2,0.8828947368421054,1,114.48,3087
2022-07-29,USO,0.2,0.26172001293242797,2,78.05,4104
2022-07-29,VPU,0.2,0.09841767835220305,3,161.05,4656
2022-07-29,VHT,0.2,0.0335233270002111,4,244.79,4656
2022-07-29,BIL,0.2,0.0004374931641693003,5,91.47,3818
2022-08-31,UNG,0.2,0.8595769682726204,1,126.6,3110
2022-08-31,VPU,0.2,0.08541666666666647,2,161.51,4679
2022-08-31,BIL,0.2,0.0015315610983481776,3,91.55,3841
2022-08-31,INDA,0.2,-0.006237006237006182,4,43.02,2659
2022-08-31,SHY,0.2,-0.025577264653641185,5,82.29,5060
2022-09-30,UNG,0.2,0.18559837728194717,1,93.52,3131
2022-09-30,VIXY,0.2,0.03198551599275801,2,342.0,441
2022-09-30,BIL,0.2,0.0018593459477194152,3,91.6,3862
2022-09-30,SHY,0.2,-0.025674865026994564,4,81.21,5081
2022-09-30,IEI,0.2,-0.06366243342892253,5,114.28,3959
2022-10-31,VHT,0.2,0.017841437366503232,1,243.03,4721
2022-10-31,BIL,0.2,0.0017499726566772011,2,91.59,3883
2022-10-31,VIS,0.2,-0.009684421439305257,3,177.93,4554
2022-10-31,VFH,0.2,-0.009727164887307183,4,83.48,4721
2022-10-31,SHY,0.2,-0.022329511164755567,5,81.0,5102
2022-11-30,VIS,0.2,0.07986189721530446,1,190.79,4575
2022-11-30,VHT,0.2,0.06869747899159662,2,254.35,4742
2022-11-30,INDA,0.2,0.06756756756756777,3,44.24,2722
2022-11-30,VFH,0.2,0.03674233559560025,4,88.6,4742
2022-11-30,SLV,0.2,0.014903129657227954,5,20.43,4176
2022-12-30,SLV,0.2,0.20262151829601316,1,22.02,4197
2022-12-30,VIS,0.2,0.10731174972717339,2,182.64,4596
2022-12-30,VFH,0.2,0.057387525562372366,3,82.73,4763
2022-12-30,INDA,0.2,0.05724417426545103,4,41.74,2743
2022-12-30,VHT,0.2,0.04004192872117396,5,248.05,4763
2023-01-31,SLV,0.2,0.16178818520489613,1,21.83,4217
2023-01-31,GLD,0.2,0.08713567230200558,2,179.41,4580
2023-01-31,VFH,0.2,0.08290847293032289,3,89.21,4783
2023-01-31,VIS,0.2,0.0656607527773172,4,192.81,4616
2023-01-31,VEA,0.2,0.06517690875232773,5,45.76,3906
2023-02-28,SLV,0.2,0.1071428571428572,1,19.22,4236
2023-02-28,VEA,0.2,0.07365094798249872,2,44.17,3925
2023-02-28,VIS,0.2,0.06188420236909109,3,191.84,4635
2023-02-28,VFH,0.2,0.05240332490061439,4,87.36,4802
2023-02-28,GLD,0.2,0.04957962413452033,5,169.78,4599
2023-03-31,TQQQ,0.2,0.385294117647059,1,14.13,3306
2023-03-31,SLV,0.2,0.27345998848589526,2,22.12,4259
2023-03-31,VEA,0.2,0.23617952928297758,3,45.17,3948
2023-03-31,VIS,0.2,0.19772412925939897,4,190.51,4658
2023-03-31,GLD,0.2,0.18466313203155305,5,183.22,4622
2023-04-28,TQQQ,0.2,0.341880341880342,1,14.13,3325
2023-04-28,SLV,0.2,0.2791991101223581,2,23.0,4278
2023-04-28,VEA,0.2,0.19330759330759317,3,46.36,3967
2023-04-28,GLD,0.2,0.19241192411924124,4,184.8,4641
2023-04-28,QQQ,0.2,0.16058000215881685,5,322.56,6074
2023-05-31,TQQQ,0.2,0.6334586466165413,1,17.38,3347
2023-05-31,QQQ,0.2,0.23090799759470837,2,347.99,6096
2023-05-31,GLD,0.2,0.12591860680540967,3,182.32,4663
2023-05-31,SLV,0.2,0.12201453790238825,4,21.61,4300
2023-05-31,SPY,0.2,0.05541663509383454,5,417.85,7638
2023-06-30,TQQQ,0.2,1.537128712871287,1,20.5,3368
2023-06-30,QQQ,0.2,0.4202998846597461,2,369.42,6117
2023-06-30,SPY,0.2,0.17687038708649694,3,443.28,7659
2023-06-30,VIS,0.2,0.13709543568464722,4,205.53,4720
2023-06-30,VEA,0.2,0.10690316395014388,5,46.18,4010
2023-07-31,TQQQ,0.2,0.9417309340188518,1,22.66,3388
2023-07-31,QQQ,0.2,0.2950786471342741,2,383.68,6137
2023-07-31,SPY,0.2,0.12845099585880493,3,457.79,7679
2023-07-31,VIS,0.2,0.10948866907416144,4,211.99,4740
2023-07-31,INDA,0.2,0.09571603427172581,5,44.76,2887
2023-08-31,TQQQ,0.2,0.9186256781193489,1,21.22,3411
2023-08-31,QQQ,0.2,0.28738803174278793,2,377.99,6160
2023-08-31,SLV,0.2,0.1637214137214138,3,22.39,4364
2023-08-31,SPY,0.2,0.13207310022372498,4,450.35,7702
2023-08-31,INDA,0.2,0.11740787801778896,5,43.97,2910
2023-09-29,TQQQ,0.2,0.32219747587230874,1,17.81,3431
2023-09-29,USO,0.2,0.2379056950398042,2,80.86,4398
2023-09-29,INDA,0.2,0.1385169927909371,3,44.22,2930
2023-09-29,QQQ,0.2,0.13491510390268613,4,358.27,6180
2023-09-29,SPY,0.2,0.05890512756997768,5,427.48,7722
2023-10-31,TQQQ,0.2,0.19547775346462437,1,16.39,3453
2023-10-31,USO,0.2,0.18984932593180015,2,75.02,4420
2023-10-31,UNG,0.2,0.15562403697996907,3,30.0,3403
2023-10-31,QQQ,0.2,0.09859728223432906,4,350.87,6202
2023-10-31,INDA,0.2,0.053093034583536314,5,43.24,2952
2023-11-30,TQQQ,0.2,0.218212104386452,1,21.94,3474
2023-11-30,VFH,0.2,0.12301330921307652,2,86.91,4993
2023-11-30,USO,0.2,0.12134292565947247,3,70.14,4441
2023-11-30,QQQ,0.2,0.10459930115621718,4,388.83,6223
2023-11-30,VIS,0.2,0.10009650439631135,5,205.19,4826
2023-12-29,TQQQ,0.2,0.23658536585365852,1,25.35,3494
2023-12-29,VFH,0.2,0.135647464303299,2,92.26,5013
2023-12-29,INDA,0.2,0.1169336384439359,3,48.81,2993
2023-12-29,QQQ,0.2,0.10854853554220112,4,409.52,6243
2023-12-29,VIS,0.2,0.07249549944047096,5,220.43,4846
2024-01-31,TQQQ,0.2,0.17081850533807819,1,26.32,3515
2024-01-31,INDA,0.2,0.12162769784172678,2,49.89,3014
2024-01-31,VFH,0.2,0.0924096245495758,3,93.98,5034
2024-01-31,QQQ,0.2,0.08929177878209993,4,416.97,6264
2024-01-31,SPY,0.2,0.05783385909568861,5,482.88,7806
2024-02-29,TQQQ,0.2,0.4586756887385208,1,30.18,3535
2024-02-29,VFH,0.2,0.1715516210072976,2,97.93,5054
2024-02-29,QQQ,0.2,0.17138511620460561,3,439.0,6284
2024-02-29,INDA,0.2,0.15772799275854266,4,51.16,3034
2024-02-29,SPY,0.2,0.13117819930537,5,508.08,7826
2024-03-28,TQQQ,0.2,0.7740634005763687,1,30.78,3555
2024-03-28,VFH,0.2,0.2672029702970298,2,102.39,5074
2024-03-28,QQQ,0.2,0.2505914826498421,3,444.01,6304
2024-03-28,VIS,0.2,0.2469356486210419,4,244.15,4907
2024-03-28,SPY,0.2,0.22771975120291055,5,523.07,7846
2024-04-30,TQQQ,0.2,0.6849840255591055,1,26.37,3577
2024-04-30,VFH,0.2,0.2855074371462418,2,97.66,5096
2024-04-30,VIS,0.2,0.2736721811057903,3,234.05,4929
2024-04-30,QQQ,0.2,0.2295908024673481,4,424.59,6326
2024-04-30,SPY,0.2,0.2223142105775786,5,501.98,7868
2024-05-31,TQQQ,0.2,0.4136528028933091,1,31.27,3599
2024-05-31,SLV,0.2,0.21328671328671334,2,27.76,4552
2024-05-31,VIS,0.2,0.18044742288361104,3,239.56,4951
2024-05-31,VFH,0.2,0.17357964447542718,4,101.01,5118
2024-05-31,VPU,0.2,0.17022225525905,5,157.43,5118
2024-06-28,TQQQ,0.2,0.43228560341482325,1,36.91,3618
2024-06-28,SLV,0.2,0.1952316689158795,2,26.57,4571
2024-06-28,QQQ,0.2,0.16430133657351154,3,479.11,6367
2024-06-28,USO,0.2,0.15481717933836325,4,79.59,4585
2024-06-28,INDA,0.2,0.14209664209664208,5,55.78,3117
2024-07-31,IBIT,0.2,0.49437299035369775,1,37.18,138
2024-07-31,SLV,0.2,0.24539877300613488,2,26.39,4593
2024-07-31,TQQQ,0.2,0.2205934930282447,3,34.14,3640
2024-07-31,GLD,0.2,0.20128320695689061,4,226.55,4956
2024-07-31,VPU,0.2,0.18829899232967384,5,158.02,5159
2024-08-30,SLV,0.2,0.24468587623996219,1,26.35,4615
2024-08-30,VPU,0.2,0.23422547846889974,2,165.09,5181
2024-08-30,GLD,0.2,0.1990771942557934,3,231.29,4978
2024-08-30,VFH,0.2,0.13216218976611183,4,110.85,5181
2024-08-30,INDA,0.2,0.11171032357473032,5,57.72,3161
2024-09-30,SLV,0.2,0.24278215223097122,1,28.41,4635
2024-09-30,VPU,0.2,0.2276061503738187,2,174.05,5201
2024-09-30,TQQQ,0.2,0.17048756861478864,3,36.25,3682
2024-09-30,GLD,0.2,0.16956982003657006,4,243.06,4998
2024-09-30,VNQ,0.2,0.14571327766670583,5,97.42,5034
2024-10-31,TQQQ,0.2,0.2978325859491777,1,34.73,3705
2024-10-31,SLV,0.2,0.2237274220032841,2,29.81,4658
2024-10-31,GLD,0.2,0.18946183080748846,3,253.51,5021
2024-10-31,IBIT,0.2,0.17692307692307696,4,39.78,203
2024-10-31,VNQ,0.2,0.16579990094106,5,94.15,5057
2024-11-29,IBIT,0.2,0.4321660181582361,1,55.21,223
2024-11-29,TQQQ,0.2,0.27758234729772946,2,39.95,3725
2024-11-29,VFH,0.2,0.24938124938124928,3,126.2,5244
2024-11-29,VNQ,0.2,0.17924074963959646,4,98.16,5077
2024-11-29,VIS,0.2,0.16755718817832688,5,279.7,5077
2024-12-31,IBIT,0.2,0.5062464508801816,1,53.05,244
2024-12-31,VFH,0.2,0.16739173422978038,2,118.07,5265
2024-12-31,GLD,0.2,0.12326034514752271,3,242.13,5062
2024-12-31,VPU,0.2,0.10868385345997278,4,163.42,5265
2024-12-31,VIXY,0.2,0.09378036929057343,5,45.02,1006
2025-01-31,IBIT,0.2,0.5521785906401291,1,57.71,264
2025-01-31,TQQQ,0.2,0.21148213239601632,2,41.36,3766
2025-01-31,UNG,0.2,0.1957163958641066,3,16.19,3716
2025-01-31,VFH,0.2,0.17765927589110286,4,125.88,5285
2025-01-31,GLD,0.2,0.14129331273449575,5,258.56,5082
2025-02-28,UNG,0.2,0.5550458715596329,1,20.34,3735
2025-02-28,IBIT,0.2,0.3538722442057658,2,47.9,283
2025-02-28,VFH,0.2,0.1608063328424154,3,126.11,5304
2025-02-28,GLD,0.2,0.1280260508162303,4,263.27,5101
2025-02-28,TQQQ,0.2,0.0851680185399768,5,37.46,3785
2025-03-31,UNG,0.2,0.3968972204266321,1,21.61,3756
2025-03-31,IBIT,0.2,0.2706297502714441,2,46.81,304
2025-03-31,GLD,0.2,0.16665317029719007,3,288.14,5122
2025-03-31,USO,0.2,0.12056223735690463,4,77.33,4773
2025-03-31,VFH,0.2,0.08906107566089339,5,119.47,5325
2025-04-30,IBIT,0.2,0.4077874243620101,1,53.51,325
2025-04-30,GLD,0.2,0.19915521869572084,2,303.77,5143
2025-04-30,UNG,0.2,0.15847750865051902,3,16.74,3777
2025-04-30,VIXY,0.2,0.15810711665443877,4,63.14,1087
2025-04-30,VEA,0.2,0.04672342110473182,5,52.87,4469
2025-05-30,GLD,0.2,0.2520620257340813,1,303.6,5164
2025-05-30,VIXY,0.2,0.21421997238840307,2,52.77,1108
2025-05-30,VEA,0.2,0.1174105347808605,3,55.58,4490
2025-05-30,IBIT,0.2,0.10070344316919644,4,59.46,346
2025-05-30,SLV,0.2,0.08577633007600438,5,30.0,4801
2025-06-30,GLD,0.2,0.2625497017892644,1,304.83,5184
2025-06-30,SLV,0.2,0.2142857142857144,2,32.81,4821
2025-06-30,VEA,0.2,0.18671940049958358,3,57.01,4510
2025-06-30,VIXY,0.2,0.1280076997112609,4,46.88,1128
2025-06-30,VWO,0.2,0.10475765021219563,5,49.46,5108
2025-07-31,GLD,0.2,0.19181746656176246,1,302.96,5206
2025-07-31,SLV,0.2,0.18999999999999995,2,33.32,4843
2025-07-31,ETHA,0.2,0.1883144178226146,3,28.27,256
2025-07-31,VWO,0.2,0.1282283642954236,4,49.8,5130
2025-07-31,VEA,0.2,0.12710505212510026,5,56.22,4532
2025-08-29,ETHA,0.2,0.9547349612864802,1,32.82,277
2025-08-29,IBIT,0.2,0.28267223382045925,2,61.44,409
2025-08-29,SLV,0.2,0.27834687389614965,3,36.19,4864
2025-08-29,GLD,0.2,0.2081513275344704,4,318.07,5227
2025-08-29,TQQQ,0.2,0.19273892151628402,5,44.68,3911
2025-09-30,ETHA,0.2,1.2800289435600578,1,31.51,298
2025-09-30,TQQQ,0.2,0.8045375218150088,2,51.7,3932
2025-09-30,IBIT,0.2,0.3885921811578721,3,65.0,430
2025-09-30,SLV,0.2,0.36721523071958706,4,42.37,4885
2025-09-30,QQQ,0.2,0.28032500213255984,5,600.37,6681
2025-10-31,ETHA,0.2,1.107681263460158,1,29.36,321
2025-10-31,TQQQ,0.2,0.9636608344549125,2,58.36,3955
2025-10-31,SLV,0.2,0.5113324175824174,3,44.01,4908
2025-10-31,QQQ,0.2,0.2868891025509892,4,629.07,6704
2025-10-31,GLD,0.2,0.23538492516276244,5,368.12,5271
2025-11-28,SLV,0.2,0.7070000000000001,1,51.21,4927
2025-11-28,TQQQ,0.2,0.5582857142857143,2,54.54,3974
2025-11-28,GLD,0.2,0.27760210803689045,3,387.88,5290
2025-11-28,VHT,0.2,0.20832820512820494,4,294.53,5493
2025-11-28,QQQ,0.2,0.19290709098264336,5,619.25,6723
2025-12-31,SLV,0.2,0.938026474127557,1,64.42,4949
2025-12-31,GLD,0.2,0.28151980598221504,2,396.31,5312
2025-12-31,TQQQ,0.2,0.2780606060606061,3,52.72,3996
2025-12-31,VHT,0.2,0.15329139789254387,4,287.85,5515
2025-12-31,ETHA,0.2,0.1356962025316455,5,22.43,362
2026-01-30,SLV,0.2,1.2641056422569026,1,75.44,4969
2026-01-30,GLD,0.2,0.46867573277000263,2,444.95,5332
2026-01-30,UNG,0.2,0.24356144223693876,3,16.9,3966
2026-01-30,TQQQ,0.2,0.2242121967807753,4,54.0,4016
2026-01-30,VHT,0.2,0.1896637402683452,5,287.28,5535
2026-02-27,SLV,0.2,1.4289797084881393,1,84.99,4988
2026-02-27,GLD,0.2,0.5469604425825847,2,483.75,5351
2026-02-27,VEA,0.2,0.19516760251829157,3,70.24,4677
2026-02-27,VIS,0.2,0.16378429903996738,4,341.85,5387
2026-02-27,VHT,0.2,0.16150459869507117,5,295.51,5554
2026-03-31,USO,0.2,0.7059927604236491,1,127.25,5024
2026-03-31,SLV,0.2,0.6032941176470588,2,68.14,5010
2026-03-31,GLD,0.2,0.22081938375985932,3,430.29,5373
2026-03-31,VEA,0.2,0.07318707084240494,4,64.08,4699
2026-03-31,VHT,0.2,0.07237645205749166,5,272.33,5576
2026-04-15,USO,0.2,0.769066590779738,1,124.33,5034
2026-04-15,SLV,0.2,0.5217943292424885,2,71.92,5020
2026-04-15,GLD,0.2,0.1674469041762543,3,441.4,5383
2026-04-15,VEA,0.2,0.14832775919732444,4,68.67,4709
2026-04-15,VIS,0.2,0.13374970137537967,5,332.2,5419
